MOE_SMARTS	MOE_SMARTS_index	RDKit_SMARTS	RDKit_SMARTS_index	ligand_atom_type	contact_atom	bound_atoms	env	environment_score	pi_atom	combined_occurrences_filtered	ionic_pos	ionic_neg	multipolar_pos	multipolar_neg	hbond_don	hbond_acc	hbond_classic	hbond_weak	halogen_don	halogen_acc	pi	hydrophobic	ionic_alpha_max	ionic_alpha_min	ionic_h_max	ionic_h_min	multipolar_alpha_max	multipolar_alpha_min	multipolar_h_max	multipolar_h_min	hbond_alpha_max	hbond_alpha_min	hbond_h_max	hbond_h_min	halogen_alpha_max	halogen_alpha_min	halogen_h_max	halogen_h_min	pi_alpha_max	pi_alpha_min	pi_h_max	pi_h_min	hydrophobic_alpha_max	hydrophobic_alpha_min	hydrophobic_h_max	hydrophobic_h_min	combined_C_ali_apol_occurrences_filtered
[cQ2]1[cQ2]ccc[cQ2]1	0	[cd2]1[cd2]ccc[cd2]1	0	carbon_aromatic_phenyl	C	C_C	0	6.692307692	1	5688	0	0	0	0	0	1	0	1	0	0	1	1									180.0	0.0	4.0	2.5					180.0	0.0	4.0	0.0	180.0	0.0	4.0	0.0	5262
[cQ2]1[nQ2]ccc[nQ2]1	0	[cd2]1[nd2H0]ccc[nd2]1	0	carbon_aromatic_pyrimidine_2	C	N_N	0	6.692307692	1	1431	0	0	0	0	0	1	0	1	0	0	1	1									180.0	0.0	4.0	0.0					180.0	0.0	4.0	0.0	180.0	0.0	4.0	0.0	1306
[cQ2X3!$(c([cQ2])[cQ2])](:[cQ3$(c[#7,#8,#9,C$([C]#N),C$([C]=[O]),C$([C]=[N]),S$([S]~[O])]),c][#7,#8,#9,C$([C]#N),C$([C]=[O]),C$([C]=[N]),S$([S]~[O])]):[c,cQ3$(c[cQ2][#7,#8,#9,C$([C]#N),C$([C]=[O]),C$([C]=[N]),S$([S]~[O])])]	0	[cd2!$(c([cd2])[cd2])](:[cd3$(c[#7,#8,#9,C$([C]#N),C$([C]=[O]),C$([C]=[N]),S$([S]~[O])]),c][#7,#8,#9,C$([C]#N),C$([C]=[O]),C$([C]=[N]),S$([S]~[O])]):[c,cd3$(c[cd2][#7,#8,#9,C$([C]#N),C$([C]=[O]),C$([C]=[N]),S$([S]~[O])])]	0	carbon_aromatic_ch_shielded_weakly_polarized	C	C_N	1	47.88461538	1	8676	0	0	0	0	1	0	0	1	0	0	1	1									180.0	0.0	1.5	0.0					180.0	0.0	4.0	0.0	180.0	0.0	4.0	0.0	8478
[cQ2X3](:[cQ2!$(c[#7,#8,#9,C$([C]#N),C$([C]=[O]),C$([C]=[N]),S$([S]~[O])])]):[cQ2!$(c[#7,#8,#9,C$([C]#N),C$([C]=[O]),C$([C]=[N]),S$([S]~[O])])]	0	[cd2](:[cd2!$(c[#7,#8,#9,C$([C]#N),C$([C]=[O]),C$([C]=[N]),S$([S]~[O])])]):[cd2!$(c[#7,#8,#9,C$([C]#N),C$([C]=[O]),C$([C]=[N]),S$([S]~[O])])]	0	carbon_aromatic_ch_unshielded_unpolarized	C	C	1	25.48076923	1	5982	0	0	0	0	0	1	0	1	0	0	1	1									180.0	0.0	4.0	2.5					180.0	0.0	4.0	0.0	180.0	0.0	4.0	0.0	5516
[cQ2X3](:[cQ2])[cQ2][#7,#8,#9,C$([C]#N),C$([C]=[O]),C$([C]=[N]),S$([S]~[O])]	0	[cd2](:[cd2])[cd2][#7,#8,#9,C$([C]#N),C$([C]=[O]),C$([C]=[N]),S$([S]~[O])]	0	carbon_aromatic_ch_unshielded_weakly_polarized	C	N_ANY	1	18.25961538	1	1154	0	0	0	0	1	0	0	1	0	0	1	1									180.0	0.0	1.5	0.0					180.0	0.0	4.0	0.0	180.0	0.0	4.0	0.0	1017
[cQ2X3](:[cQ3]-!@[*]):[nQ2]	0	[cd2](:[cd3]-!@[*]):[nd2]	0	carbon_aromatic_ch_shielded_no_bridge_polarized_acc	C	C_N	1	11.40384615	1	2461	0	0	0	0	1	0	0	1	0	0	1	1									180.0	0.0	1.5	0.0					180.0	0.0	4.0	0.0	180.0	0.0	4.0	0.0	2295
[cQ2X3](:[cQ3$(c[cQ2][n,o]),nQ3]):[nQ2,nQ3,oQ2,cQ2$([cQ2][cQ2X3][nQ3])]	0	[cd2](:[cd3$(c[cd2][n,o]),nd3]):[nd2,nd3,od2,cd2$([cd2][cd2][nd3])]	0	carbon_aromatic_ch_shielded_polarized	C	C_N	1	11.40384615	1	5054	0	0	0	0	1	0	0	1	0	0	1	1									180.0	0.0	1.5	0.0					180.0	0.0	4.0	0.0	180.0	0.0	4.0	0.0	4679
[#6]-[SQ4](~[OQ1])(~[OQ1])-[*]	1	[#6]-[Sd4](~[Od1])(~[Od1])-[*]	1	sulfur_sulfonyl	S	C_O	1	8.865384615	0	2865	0	0	1	0	0	0	0	0	0	0	0	1					180.0	0.0															180.0	0.0			1673
[#6]-[SQ4](~[OQ1])(~[OQ1])-[*]	2	[#6]-[Sd4](~[Od1])(~[Od1])-[*]	2	oxygen_sulfonyl	O	S	2	8.865384615	0	2230	0	0	0	1	0	1	1	0	0	0	0	1					180.0	0.0			180.0	0.0											180.0	0.0			1673
[C,S,P](~[#8X1,#9])-[CQ3](-[#6;!$([C]=[O])])-[#6;!$([C]=[O]);!$([#7,#8,#9])]	2	[C,S,P](~[#8d1^2,#9])-[C&d3](-[#6;!$([C]=[O])])-[#6;!$([C]=[O]);!$([#7,#8,#9])]	2	carbon_alkyl_tertiary_polarized_C,S,P_O,F	C	C	2	7.875	0	5043	0	0	0	0	1	0	0	1	0	0	0	1									180.0	0.0											180.0	0.0			3833
[C,S,P](~[#8X1,#9])-[CQ2]-[#6;!$([C]=[O]);!$([#7,#8,#9])]	2	[C,S,P](~[#8d1^2,#9])-[C&d2]-[#6;!$([C]=[O]);!$([#7,#8,#9])]	2	carbon_alkyl_methylene_polarized_C,S,P_O,F	C	C	2	7.875	0	4948	0	0	0	0	1	0	0	1	0	0	0	1									180.0	0.0											180.0	0.0			3505
[CX4!$([#6]~[#7,#8])]-[CQ3](~[OQ1])(~[OQ1])	2	[C^3!$([#6]~[#7,#8])]-[C&d3](~[Od1])(~[Od1])	2	oxygen_carboxylate_Csp3_not_N,O	O	C	2	7.519230769	1	2711	0	1	0	1	0	1	1	0	0	0	1	0	180.0	0.0	4.0	0.0	180.0	0.0	4.0	0.0	180.0	0.0	4.0	0.0				0.0	180.0	0.0	4.0	0.0					1832
[#6X3]-[#6](=[O])-[NQ2]-[#6X3!$([#6]=O)]	3	[#6^2][#6](=[O])[#7d2][#6^2!$([#6]=O)]	3	nitrogen_amide_sec_Csp2_Csp2	N	C	2	7.019230769	1	1545	0	0	0	1	1	0	1	0	0	0	1	1					180.0	0.0	4.0	0.0	180.0	0.0	1.5	0.0					180.0	0.0	4.0	0.0	180.0	0.0	4.0	1.5	1352
[C;!$([C]=[O])]@-[NQ3](-[C;!$([C]=[O])])@-[C;!$([C]=[O])]	1	[C;!$([C]=[O])]@-[N&d3](-[C;!$([C]=[O])])@-[C;!$([C]=[O])]	1	nitrogen_amine_cyclic_tert	N	C	2	6.653846154	0	2304	1	0	1	0	1	0	1	0	0	0	0	0	180.0	0.0	4.0	0.0	180.0	0.0			180.0	0.0															1452
[cQ2]1[nQ2]cccn1	1	[cd2]1[nd2]cccn1	1	nitrogen_pyrimidine	N	C	0	6.615384615	1	1459	0	0	0	1	0	1	1	0	0	0	1	1					180.0	0.0	4.0	0.0	180.0	0.0	4.0	0.0				0.0	180.0	0.0	4.0	0.0	180.0	0.0	4.0	1.5	1345
[cQ2]1[nQ2][cQ2]ccc1	1	[cd2]1[nd2H0][cd2]ccc1	1	nitrogen_aromatic_pyridine	N	C	0	6.615384615	1	740	0	0	0	1	0	1	1	0	0	0	1	1					180.0	0.0	4.0	0.0	180.0	0.0	4.0	0.0				0.0	180.0	0.0	4.0	0.0	180.0	0.0	4.0	1.5	662
[#6X3]-[#6](=[O])-[#7Q2]-@[#6X3]	2	[#6^2][#6](=[O])[#7d2]@[#6^2]	2	oxygen_amide_sec_cyclic_Csp2_Csp2	O	C	3	6.596153846	1	1420	0	0	0	1	0	1	1	0	0	0	1	1					180.0	0.0	4.0	0.0	180.0	0.0	4.0	0.0				0.0	180.0	0.0	4.0	0.0	180.0	0.0	4.0	1.5	1262
[#6]-[#6](=[O])-[NQ2]-@[#6]	2	[#6][#6](=[O])[#7d2]@[#6]	2	oxygen_amide_sec_cyclic	O	C	2	6.596153846	1	2012	0	0	0	1	0	1	1	0	0	0	1	1					180.0	0.0	4.0	0.0	180.0	0.0	4.0	0.0				0.0	180.0	0.0	4.0	0.0	180.0	0.0	4.0	1.5	1815
[CX4]-[CQ3](~[OQ1])(~[OQ1])	2	[C^3]-[C&d3](~[Od1])(~[Od1])	2	oxygen_carboxylate_Csp3	O	C	2	6.538461538	1	4238	0	1	0	1	0	1	1	0	0	0	1	0	180.0	0.0	4.0	0.0	180.0	0.0	4.0	0.0	180.0	0.0	4.0	0.0				0.0	180.0	0.0	4.0	0.0					2870
[CX4]-[CQ3](~[OQ1])(~[OQ1])	1	[C^3]-[C&d3](~[Od1])(~[Od1])	1	carbon_carboxylate_Csp3	C	O	1	6.538461538	1	4432	0	1	0	1	0	1	0	1	0	0	1	0	180.0	0.0	4.0	0.0	180.0	0.0	4.0	1.5	180.0	0.0	4.0	2.5					180.0	0.0	4.0	0.0					2840
[c](c)(c)-[CQ2]-[C!$(C[#7,#8,#9])]	3	[c](c)(c)-[C&d2]-[C!$(C[#7,#8,#9])]	3	carbon_ethylen_polarized_aryl_no_het	C	C	1	2.480769231	0	1110	0	0	0	0	1	0	0	1	0	0	0	1									180.0	0.0											180.0	0.0			988
[c]-[CQ1]	1	[c]-[C&d1]	1	carbon_alkyl_terminal_polarized_aryl	C	C	1	2.480769231	0	2474	0	0	0	0	1	0	0	1	0	0	0	1									180.0	0.0											180.0	0.0			2230
[c](c)(c)-[CQ2X4!$(C([#8X1,#9])),CQ3X4!$(C([#8X1,#9]))]	3	[c](c)(c)-[C&d2^3!$(C([#8^2d1,#9])),C&d3^3!$(C([#8^2d1,#9]))]	3	carbon_alkyl_polarized_aryl_no_het	C	C	1	6.442307692	0	4923	0	0	0	0	1	0	0	1	0	0	0	1									180.0	0.0											180.0	0.0			4218
[c]-[CQ2X4!$(C([#8X1,#9])),CQ3X4!$(C([#8X1,#9]))]	1	[c]-[C&d2^3!$(C([#8^2d1,#9])),C&d3^3!$(C([#8^2d1,#9]))]	1	carbon_alkyl_polarized_aryl	C	C	1	6.442307692	0	5781	0	0	0	0	1	0	0	1	0	0	0	1									180.0	0.0											180.0	0.0			4979
[CX4]-[C](=[O])-[NQ2]-[CX4]	3	[C^3]-[C](=[O])-[N&d2]-[C^3]	3	nitrogen_amide_sec_Csp3_Csp3	N	C	2	6.211538462	1	1789	0	0	0	1	1	0	1	0	0	0	1	1					180.0	0.0	4.0	0.0	180.0	0.0	1.5	0.0					180.0	0.0	4.0	0.0	180.0	0.0	4.0	1.5	1516
[CX4]-[C](=[O])-[NQ2]-[CX4]	1	[C^3]-[C](=[O])-[N&d2]-[C^3]	1	carbon_amide_sec_Csp3_Csp3	C	C_N_O	2	6.211538462	1	2380	0	0	1	0	0	0	0	0	0	0	1	1					180.0	0.0	4.0	1.5									180.0	0.0	4.0	0.0	180.0	0.0	4.0	0.0	1509
[CX4]-[C](=[O])-[NQ2]-[CX4]	2	[C^3]-[C](=[O])-[N&d2]-[C^3]	2	oxygen_amide_sec_Csp3_Csp3	O	C	3	6.211538462	1	1811	0	0	0	1	0	1	1	0	0	0	1	1					180.0	0.0	4.0	0.0	180.0	0.0	4.0	0.0				0.0	180.0	0.0	4.0	0.0	180.0	0.0	4.0	1.5	1547
[#6]-[C](=[O])-[NQ2]-!@[#6]	2	[#6]-[C](=[O])-[N&d2]-!@[#6]	2	oxygen_amide_sec_acyclic	O	C	2	6.115384615	1	3391	0	0	0	1	0	1	1	0	0	0	1	1					180.0	0.0	4.0	0.0	180.0	0.0	4.0	0.0				0.0	180.0	0.0	4.0	0.0	180.0	0.0	4.0	1.5	3062
[#6X3]-[#6](=[O])-[NQ2]-[#6X3]	2	[#6^2][#6](=[O])[#7d2][#6^2]	2	oxygen_amide_sec_Csp2_Csp2	O	C	3	6.096153846	1	1878	0	0	0	1	0	1	1	0	0	0	1	1					180.0	0.0	4.0	0.0	180.0	0.0	4.0	0.0				0.0	180.0	0.0	4.0	0.0	180.0	0.0	4.0	1.5	1731
[#6]-[C](=[O])-[NQ2]-[#6]	2	[#6][#6](=[O])[#7d2][#6]	2	oxygen_amide_sec	O	C	2	6.096153846	1	4939	0	0	0	1	0	1	1	0	0	0	1	1					180.0	0.0	4.0	0.0	180.0	0.0	4.0	0.0				0.0	180.0	0.0	4.0	0.0	180.0	0.0	4.0	1.5	4460
[#6X3]-[#6](=[O])-[NQ2]-[#6X3]	1	[#6^2][#6](=[O])[#7d2][#6^2]	1	carbon_amide_sec_Csp2_Csp2	C	C_N_O	2	6.096153846	1	2047	0	0	1	0	0	0	0	0	0	0	1	1					180.0	0.0	4.0	1.5									180.0	0.0	4.0	0.0	180.0	0.0	4.0	0.0	1727
[CX4]-[C](=[O])-[NQ2]-!@[CX4]	2	[C^3]-[C](=[O])-[N&d2]-!@[C^3]	2	oxygen_amide_sec_acyclic_Csp3_Csp3	O	C	3	5.961538462	1	1691	0	0	0	1	0	1	1	0	0	0	1	1					180.0	0.0	4.0	0.0	180.0	0.0	4.0	0.0				0.0	180.0	0.0	4.0	0.0	180.0	0.0	4.0	1.5	1424
[C](=[O])-[NQ2]-[#6!$([#6]=O)]	2	[#6](=[O])[#7d2][#6!$([#6]=O)]	2	nitrogen_amide_sec	N	C	2	5.865384615	1	5233	0	0	0	1	1	0	1	0	0	0	1	1					180.0	0.0	4.0	0.0	180.0	0.0	1.5	0.0					180.0	0.0	4.0	0.0	180.0	0.0	4.0	1.5	4638
[#6](=[O])@!=[#7Q2]@!=[#6!$([#6]=O)]	2	[#6](=[O])@-,:[#7d2]@-,:[#6!$([#6]=O)]	2	nitrogen_amide_cyclic_sec	N	C	3	5.865384615	1	1871	0	0	0	1	1	0	1	0	0	0	1	1					180.0	0.0	4.0	0.0	180.0	0.0	1.5	0.0					180.0	0.0	4.0	0.0	180.0	0.0	4.0	1.5	1659
[CQ3](-[OQ1])(-[#6])(-[#6])	1	[C&d3](-[Od1])(-[#6])(-[#6])	1	oxygen_alcohol_Csp3_secondary	O	C	2	5.365384615	0	10106	0	0	0	0	1	1	1	0	0	0	0	0									180.0	0.0															6544
[cQ2X3](:[nQ2,oQ2])[cQ2,nQ2,oQ2]	0	[cd2](:[nd2,od2])[cd2,nd2,od2]	0	carbon_aromatic_ch_unshielded_polarized	C	N_ANY	1	4.788461538	1	4179	0	0	0	0	1	0	0	1	0	0	1	1									180.0	0.0	1.5	0.0					180.0	0.0	4.0	0.0	180.0	0.0	4.0	0.0	3538
[C,S,P](~[#8X1,#9])-[CQ1]	2	[C,S,P](~[#8^2d1,#9])-[C&d1]	2	carbon_alkyl_terminal_polarized_C,S,P_O,F	C	C	2	4.740384615	0	1531	0	0	0	0	1	0	0	1	0	0	0	1									180.0	0.0											180.0	0.0			1158
[#6]-[#6](=[O])-[#7Q3](-[#6])-[#6]	2	[#6]-[#6](=[O])-[#7d3](-[#6])-[#6]	2	oxygen_amide_tert_C_C	O	C	3	8.25	1	1651	0	0	0	1	0	1	1	0	0	0	1	1					180.0	0.0	4.0	0.0	180.0	0.0	4.0	0.0				0.0	180.0	0.0	4.0	0.0	180.0	0.0	4.0	1.5	1461
[#6!$([C](~[OQ1])~[OQ1])!$([#6]([#7D2])=[O])]=[O]	1	[#6!$([C](~[Od1])~[Od1])!$([#6]([#7d2])=[O])]=[O]	1	oxygen_carbonyl	O	C	1	4.557692308	1	4923	0	0	0	1	0	1	1	0	0	0	1	1					180.0	0.0	4.0	0.0	180.0	0.0	4.0	0.0				0.0	180.0	0.0	4.0	0.0	180.0	0.0	4.0	1.5	4195
[C!$([C](~[OQ1])~[OQ1])]=[O]	0	[C!$([C](~[Od1])~[Od1])]=[O]	0	carbon_carbonyl	C	O	1	4.557692308	1	8411	0	0	1	0	0	0	0	0	0	0	1	1					180.0	0.0	4.0	0.0									180.0	0.0	4.0	0.0	180.0	0.0	4.0	1.5	6423
[nQ2X3!$(n~[#6]=O)]:[aQ3]	0	[nd2v3H1!$(n~[#6]=O)]:[ad3]	0	nitrogen_aromatic_donor_shielded	N	ANY	1	4.403846154	1	2148	0	0	0	1	1	0	1	0	0	0	1	1					180.0	0.0	4.0	0.0	180.0	0.0	1.5	0.0					180.0	0.0	4.0	0.0	180.0	0.0	4.0	1.5	1977
[C](=[O])!@-[NQ2]@-[C!$(C=O)]	2	[C](=[O])!@-[N&d2]!@-[C!$(C=O)]	2	nitrogen_amide_acyclic_sec	N	C	3	4.230769231	1	2844	0	0	0	1	1	0	1	0	0	0	1	1					180.0	0.0	4.0	0.0	180.0	0.0	1.5	0.0					180.0	0.0	4.0	0.0	180.0	0.0	4.0	1.5	2426
[C;!$([C,S,P]~[#7,#8,#9])]-!@[CQ2X4]-!@[C;!$([C,S,P]~[#7,#8,#9])]	1	[C;!$([C,S,P]~[#7,#8,#9])]-!@[C&d2^3]-!@[C;!$([C,S,P]~[#7,#8,#9])]	1	carbon_alkyl_methylene_unpolarized_acyclic	C	C	2	3.903846154	0	2247	0	0	0	0	0	0	0	0	0	0	0	1																					180.0	0.0			1877
[C;!$([C,S,P]~[#7,#8,#9])]-@[CQ2X4]-@[C;!$([C,S,P]~[#7,#8,#9])]	1	[C;!$([C,S,P]~[#7,#8,#9])]-@[C&d2^3]-@[C;!$([C,S,P]~[#7,#8,#9])]	1	carbon_alkyl_methylene_unpolarized_cyclic	C	C	2	3.903846154	0	2333	0	0	0	0	0	0	0	0	0	0	0	1																					180.0	0.0			2090
[C;!$([C,S,P]~[#7,#8,#9])]-@[CQ2X4$(C1CC1),CQ2X4$(C1CCC1),CQ2X4$(C1CCCC1),CQ2X4$(C1CCCCC1),CQ2X4$(C1CCCCCC1)]-@[C;!$([C,S,P]~[#7,#8,#9])]	1	[C;!$([C,S,P]~[#7,#8,#9])]-@[C&d2^3$(C1CC1),C&d2^3$(C1CCC1),C&d2^3$(C1CCCC1),C&d2^3$(C1CCCCC1),C&d2^3$(C1CCCCCC1)]-@[C;!$([C,S,P]~[#7,#8,#9])]	1	carbon_alkyl_methylene_unpolarized_cyclic_no_heterocycle	C	C	2	3.903846154	0	1631	0	0	0	0	0	0	0	0	0	0	0	1																					180.0	0.0			1500
[C;!$([C,S,P]~[#7,#8,#9])]-@[CQ2X4$(C1CCC1),CQ2X4$(C1CCCC1),CQ2X4$(C1CCCCC1),CQ2X4$(C1CCCCCC1)]-@[C;!$([C,S,P]~[#7,#8,#9])]	1	[C;!$([C,S,P]~[#7,#8,#9])]-@[C&d2^3$(C1CCC1),C&d2^3$(C1CCCC1),C&d2^3$(C1CCCCC1),C&d2^3$(C1CCCCCC1)]-@[C;!$([C,S,P]~[#7,#8,#9])]	1	carbon_alkyl_methylene_unpolarized_cyclic_no_heterocycle_cycpro	C	C	2	3.903846154	0	1265	0	0	0	0	0	0	0	0	0	0	0	1																					180.0	0.0			1159
[C;!$([C,S,P]~[#7,#8,#9])]-[CQ2X4]-[C;!$([C,S,P]~[#7,#8,#9])]	1	[C;!$([C,S,P]~[#7,#8,#9])]-[C&d2^3]-[C;!$([C,S,P]~[#7,#8,#9])]	1	carbon_alkyl_methylene_unpolarized_no_cn	C	C	2	3.903846154	0	4157	0	0	0	0	0	0	0	0	0	0	0	1																					180.0	0.0			3590
[C;!$([C,S,P]~[#8X1,#9])]-[CQ2X4]-[C;!$([C,S,P]~[#8,#9])]	1	[C;!$([C,S,P]~[#8^2d1,#9])]-[C&d2^3]-[C;!$([C,S,P]~[#8,#9])]	1	carbon_alkyl_methylene_unpolarized	C	C	2	3.903846154	0	6666	0	0	0	0	0	0	0	0	0	0	0	1																					180.0	0.0			5809
[c,$(C@=[*])]-[OQ1]	1	[c,$(C@=[*])]-[Od1]	1	oxygen_alcohol_Csp2_ring	O	C	1	3.730769231	1	1813	0	0	0	0	1	1	1	0	0	0	1	0									180.0	0.0	1.5	0.0					180.0	0.0	4.0	0.0					1504
[#6]-[CQ2]-[OQ1]	2	[#6]-[C&d2]-[Od1]	2	oxygen_alcohol_Csp3_primary	O	C	2	3.711538462	0	8691	0	0	0	0	1	1	1	0	0	0	0	0									180.0	0.0															5127
[#6]-[OQ2]-[P]	1	[#6]-[Od2]-[P]	1	oxygen_P_C_link	O	C_P	1	3.634615385	0	2137	0	0	0	0	0	1	1	0	0	0	0	0									180.0	0.0															1604
[P]-[OQ2]-[P]	1	[P]-[Od2]-[P]	1	oxygen_P_P_link	O	P	1	3.557692308	0	1225	0	0	0	0	0	1	1	0	0	0	0	0									180.0	0.0															946
[c]-[NQ2]-[C]	1	[c]-[N&d2]-[C]	1	nitrogen_aniline_sec_Csp3	N	C	1	3.557692308	0	2587	0	0	0	1	1	0	1	0	0	0	1	1					180.0	0.0	4.0	0.0	180.0	0.0	1.5	0.0					180.0	0.0	4.0	0.0	180.0	0.0	4.0	1.5	2416
[#6!$([#6]=O)]!@-[O]!@-[#6X3!$([#6]=O)]	1	[#6!$([#6]=O)]!@-[O]!@-[#6^2!$([#6]=O)]	1	oxygen_ether_acyclic_Cany_Csp2	O	C	1	3.384615385	0	2894	0	0	0	0	0	1	1	0	0	0	1	0									180.0	0.0							180.0	0.0	4.0	0.0					2453
[#6!$([#6]=O)!$([#6][#6][#6]=O)!$([#6][#6]O[#6])]!@-[O]!@-[#6!$([#6]=O)!$([#6][#6][#6]=O)!$([#6][#6]O[#6])]	1	[#6!$([#6]=O)!$([#6][#6][#6]=O)!$([#6][#6]O[#6])]!@-[O]!@-[#6!$([#6]=O)!$([#6][#6][#6]=O)!$([#6][#6]O[#6])]	1	oxygen_ether_acyclic_Cany_Cany	O	C	1	3.384615385	0	3321	0	0	0	0	0	1	1	0	0	0	1	0									180.0	0.0							180.0	0.0	4.0	0.0					2642
[c][CQ2][C]	1	[c][C&d2][C]	1	carbon_methylene_alkyl_aryl	C	C	2	3.307692308	0	2755	0	0	0	0	0	0	0	0	0	0	0	1																					180.0	0.0			2407
[CX4]@-[O]@-[CX4]	1	[C^3]@-[O]@-[C^3]	1	oxygen_ether_cyclic	O	C	1	3.230769231	0	4279	0	0	0	0	0	1	1	0	0	0	0	0									180.0	0.0															2988
[C;!$([C]=[O])]-[NQ1]	1	[C;!$([C]=[O])]-[N&d1]	1	nitrogen_amine_prim	N	C	2	3.153846154	0	2748	1	0	1	0	1	0	1	0	0	0	0	0	180.0	0.0	4.0	0.0	180.0	0.0			180.0	0.0															1832
[OQ1]~[P]	0	[Od1]~[P]	0	oxygen_phosph_on_ate_terminal	O	P	1	3.105769231	0	2266	0	1	0	1	0	1	1	0	0	0	0	0	180.0	0.0			180.0	0.0			180.0	0.0															1787
[#7,#8,#9]-[CQ3X4]	1	[#7,#8,#9]-[C&d3]	1	carbon_alkyl_tertiary_polarized_N,O,F	C	N_O_F_ANY	1	2.788461538	0	18714	0	0	0	0	1	0	0	1	0	0	0	1									180.0	0.0											180.0	0.0			13335
[#7,#8,#9]-[CQ2X4]	1	[#7,#8,#9]-[C&d2^3]	1	carbon_alkyl_methylene_polarized_N,O,F	C	N_O_F_ANY	1	2.788461538	0	16182	0	0	0	0	1	0	0	1	0	0	0	1									180.0	0.0											180.0	0.0			11507
c-[O]-[CQ1]	2	c-[O]-[C&d1]	2	carbon_alkyl_terminal_polarized_methoxy_aromatic	C	O	1	2.788461538	0	1361	0	0	0	0	1	0	0	1	0	0	0	1									180.0	0.0											180.0	0.0			1252
[#7,#8,#9]-[CQ1]	1	[#7,#8,#9]-[C&d1]	1	carbon_alkyl_terminal_polarized_N,O,F	C	N_O_F	1	2.788461538	0	4317	0	0	0	0	1	0	0	1	0	0	0	1									180.0	0.0											180.0	0.0			3509
[C;!$([C,S,P]~[#8X1,#9])]-[CQ1]	1	[C;!$([C,S,P]~[#8^2d1,#9])]-[C&d1]	1	carbon_alkyl_terminal_unpolarized	C	C	2	2.653846154	0	6667	0	0	0	0	0	0	0	0	0	0	0	1																					180.0	0.0			5506
[CX4]-[OQ1]	1	[C^3]-[Od1]	1	oxygen_alcohol_Csp3	O	C	1	2.480769231	0	12470	0	0	0	0	1	1	1	0	0	0	0	0									180.0	0.0															7894
[c]-[NQ1]	1	[c]-[N&d1]	1	nitrogen_aniline_prim	N	C	1	2.480769231	0	2676	0	0	0	1	1	0	1	0	0	0	1	1					180.0	0.0	4.0	0.0	180.0	0.0	1.5	0.0					180.0	0.0	4.0	0.0	180.0	0.0	4.0	1.5	2321
[c]-[Cl]	1	[c]-[Cl]	1	chlorine_aryl	Cl	C	1	2.403846154	0	2091	0	0	0	0	0	0	0	0	1	0	0	1													45.0	0.0							180.0	0.0			1961
[nQ3!$(n~[#6]=[O])]	0	[nd3!$(n~[#6]=[O])]	0	nitrogen_aromatic_no_don_acc	N	ANY	0	2.0	1	4135	0	0	0	0	0	1	1	0	0	0	1	1									180.0	0.0	4.0	1.5				1.5	180.0	0.0	4.0	0.0	180.0	0.0	4.0	0.0	2960
[cQ2X3](:[c!$(c[#7,#8,#9]);!$(cC!@[#7,#8,#9])]):[cQ3!$(c[#7,#8,#9]);!$(cC!@[#7,#8,#9])]	0	[cd2](:[c!$(c[#7,#8,#9]);!$(cC!@[#7,#8,#9])]):[cd3!$(c[#7,#8,#9]);!$(cC!@[#7,#8,#9])]	0	carbon_aromatic_ch_shielded_unpolarized_no_chelating	C	C	1	2.0	1	6879	0	0	0	0	0	1	0	1	0	0	1	1									180.0	0.0	4.0	2.5					180.0	0.0	4.0	0.0	180.0	0.0	4.0	0.0	6737
[cQ2X3](:[c!$(c[#7,#8,#9])]):[cQ3!$(c[#7,#8,#9])]	0	[cd2](:[c!$(c[#7,#8,#9])]):[cd3!$(c[#7,#8,#9])]	0	carbon_aromatic_ch_shielded_unpolarized	C	C	1	2.0	1	8214	0	0	0	0	0	1	0	1	0	0	1	1									180.0	0.0	4.0	2.5					180.0	0.0	4.0	0.0	180.0	0.0	4.0	0.0	7965
[nQ2X3]	0	[nd2v3H1]	0	nitrogen_aromatic_donor	N	ANY	0	1.153846154	1	3777	0	0	0	1	1	0	1	0	0	0	1	1					180.0	0.0	4.0	0.0	180.0	0.0	1.5	0.0					180.0	0.0	4.0	0.0	180.0	0.0	4.0	1.5	3250
[cQ3]([c,nQ3])([#6])[#6]	0	[cd3]([c,nd3])([#6])[#6]	0	carbon_aromatic_c_no_h_c_n_no_don_acc	C	C_C_C	0	1.153846154	1	9796	0	0	0	0	0	1	0	1	0	0	1	1									180.0	0.0	4.0	2.5					180.0	0.0	4.0	0.0	180.0	0.0	4.0	0.0	8494
[cQ3](-[OX2])(c)c	0	[cd3](-[O])([c])[c]	0	carbon_aromatic_c_phen_ol_oxy	C	C_C_O	0	1.153846154	1	4138	0	0	0	0	0	1	0	1	0	0	1	1									180.0	0.0	4.0	2.5					180.0	0.0	4.0	0.0	180.0	0.0	4.0	0.0	3580
[cD3]([nQ2X2])(@[c])@[c]	0	[cd3]([nd2v3H0])(@[c])@[c]	0	carbon_aromatic_c_no_h_n_acc_bridge	C	C_C_C	0	1.153846154	1	4710	0	0	0	0	0	1	0	1	0	0	1	1									180.0	0.0	4.0	2.5					180.0	0.0	4.0	0.0	180.0	0.0	4.0	0.0	3994
[cD3]([nQ2X2])(!@[CH1,CH2,CH3])[#6]	0	[cd3]([nd2v3H0])(!@[CH1,CH2,CH3])[#6]	0	carbon_aromatic_c_no_h_n_acc_methyl_en	C	C_C_C	0	1.153846154	1	1139	0	0	0	0	0	1	0	1	0	0	1	1									180.0	0.0	4.0	2.5					180.0	0.0	4.0	0.0	180.0	0.0	4.0	0.0	966
[cD3]([nQ2X2])(!@[#6])[#6]	0	[cd3]([nd2v3H0])(!@[#6])[#6]	0	carbon_aromatic_c_no_h_n_acc_no_bridge	C	C_C_C	0	1.153846154	1	4710	0	0	0	0	0	1	0	1	0	0	1	1									180.0	0.0	4.0	2.5					180.0	0.0	4.0	0.0	180.0	0.0	4.0	0.0	3994
[cD3]([nQ2X2])([#6])[#6]	0	[cd3]([nd2v3H0])([#6])[#6]	0	carbon_aromatic_c_no_h_n_acc	C	C_C_C	0	1.153846154	1	4710	0	0	0	0	0	1	0	1	0	0	1	1									180.0	0.0	4.0	2.5					180.0	0.0	4.0	0.0	180.0	0.0	4.0	0.0	3994
[cD3]([#7Q2X3])([#6])[#6]	0	[cd3]([#7d2H1])([#6])[#6]	0	carbon_aromatic_c_no_h_n_don	C	C_C_C	0	1.153846154	1	4263	0	0	0	0	0	1	0	1	0	0	1	1									180.0	0.0	4.0	2.5					180.0	0.0	4.0	0.0	180.0	0.0	4.0	0.0	3849
[CQ4]	0	[C&d4]	0	carbon_no_h_buried	C	ANY	0	1.153846154	0	6938	0	0	0	0	0	0	0	0	0	0	0	1																					180.0	0.0			3637
[cQ2]	0	[cd2]	0	carbon_aromatic_ch	C	ANY	0	1.153846154	1	11149	0	0	0	0	0	1	0	1	0	0	1	1									180.0	0.0	4.0	2.5					180.0	0.0	4.0	0.0	180.0	0.0	4.0	0.0	10713
[#6X3]	0	[#6^2]	0	carbon_sp2	C	ANY	0	1.153846154	1	14461	0	0	0	0	0	1	0	1	0	0	1	1									180.0	0.0	4.0	2.5					180.0	0.0	4.0	0.0	180.0	0.0	4.0	0.0	12705
[ClQ1]	0	[Cld1]	0	chlorine_any	Cl	ANY	0	1.153846154	0	2158	0	0	0	0	0	0	0	0	1	0	0	1													45.0	0.0							180.0	0.0			2021
[nQ2X2$(n(c)cN)]	0	[nd2v3H0$(n(c)cN)]	0	nitrogen_aromatic_acceptor_ortho_anilinopyridine	N	ANY	0	1.153846154	1	3423	0	0	0	1	0	1	1	0	0	0	1	1					180.0	0.0	4.0	0.0	180.0	0.0	4.0	0.0				0.0	180.0	0.0	4.0	0.0	180.0	0.0	4.0	1.5	3121
[nQ2X2$(n(c)cccN)]	0	[nd2v3H0$(n(c)cccN)]	0	nitrogen_aromatic_acceptor_para_anilinopyridine	N	ANY	0	1.153846154	1	1996	0	0	0	1	0	1	1	0	0	0	1	1					180.0	0.0	4.0	0.0	180.0	0.0	4.0	0.0				0.0	180.0	0.0	4.0	0.0	180.0	0.0	4.0	1.5	1806
[nQ2X2$(n1cncc1)]	0	[nd2H0$(n1cncc1)]	0	nitrogen_aromatic_acceptor_imidazole	N	ANY	0	1.153846154	1	2293	0	0	0	1	0	1	1	0	0	0	1	1					180.0	0.0	4.0	0.0	180.0	0.0	4.0	0.0				0.0	180.0	0.0	4.0	0.0	180.0	0.0	4.0	1.5	1951
[nQ2X2!$(n~[#6]~[#7H])]:[aQ3]	0	[nd2v3H0!$(n~[#6]~[#7H])]:[ad3]	0	nitrogen_aromatic_acceptor_shielded_no_CNH	N	ANY	1	4.403846154	1	5366	0	0	0	1	0	1	1	0	0	0	1	1					180.0	0.0	4.0	0.0	180.0	0.0	4.0	0.0				0.0	180.0	0.0	4.0	0.0	180.0	0.0	4.0	1.5	4868
[nQ2X2$(n~[#6]~[#7H])]:[aQ3]	0	[nd2v3H0$(n~[#6]~[#7H])]:[ad3]	0	nitrogen_aromatic_acceptor_shielded_CNH	N	ANY	1	4.403846154	1	2742	0	0	0	1	0	1	1	0	0	0	1	1					180.0	0.0	4.0	0.0	180.0	0.0	4.0	0.0				0.0	180.0	0.0	4.0	0.0	180.0	0.0	4.0	1.5	2573
[nQ2X2]:[aQ3]	0	[nd2v3H0]:[ad3]	0	nitrogen_aromatic_acceptor_shielded	N	ANY	1	4.403846154	1	6269	0	0	0	1	0	1	1	0	0	0	1	1					180.0	0.0	4.0	0.0	180.0	0.0	4.0	0.0				0.0	180.0	0.0	4.0	0.0	180.0	0.0	4.0	1.5	5853
[nQ2X2H0,N;i;H0;r]	0	[nd2H0]	0	nitrogen_aromatic_acceptor	N	ANY	0	1.153846154	1	7005	0	0	0	1	0	1	1	0	0	0	1	1					180.0	0.0	4.0	0.0	180.0	0.0	4.0	0.0				0.0	180.0	0.0	4.0	0.0	180.0	0.0	4.0	1.5	6401
[#7Q2X3r$(n~[#6]=O),#7Q2X3r$(N([*i])-[#6]([*i])=O)]	0	[nd2v3H1$(n~[#6]=O)]:[ad3]	0	nitrogen_aromatic_donor_pyridone	N	ANY	1	4.403846154	1	1311	0	0	0	1	1	0	1	0	0	0	1	1					180.0	0.0	4.0	0.0	180.0	0.0	1.5	0.0					180.0	0.0	4.0	0.0	180.0	0.0	4.0	1.5	1153
[nQ2X2!$(ncN);nQ2X2!$(ncccN);nQ2X2!$(n1cncc1)]([nQ2X3])c	0	[nd2v3H0!$(ncN);nd2v3H0!$(ncccN);nd2v3H0!$(n1cncc1)]([nd2v3H1])c	0	nitrogen_aromatic_acceptor_n_don	N	ANY	0	1.153846154	1	531	0	0	0	1	0	1	1	0	0	0	1	1					180.0	0.0	4.0	0.0	180.0	0.0	4.0	0.0				0.0	180.0	0.0	4.0	0.0	180.0	0.0	4.0	1.5	501
[nQ2X2!$(ncN);nQ2X2!$(ncccN);nQ2X2!$(n1cncc1)]([nQ2X3])c	1	[nd2v3H0!$(ncN);nd2v3H0!$(ncccN);nd2v3H0!$(n1cncc1)]([nd2v3H1])c	1	nitrogen_aromatic_donor_n_acc	N	ANY	0	1.153846154	1	535	0	0	0	1	0	1	1	0	0	0	1	1					180.0	0.0	4.0	0.0	180.0	0.0	4.0	0.0				0.0	180.0	0.0	4.0	0.0	180.0	0.0	4.0	1.5	503
[CX4]	0	[C^3]	0	carbon_sp3	C	ANY	0	1.076923077	0	19941	0	0	0	0	0	0	0	0	0	0	0	1																					180.0	0.0			14924
[P]	0	[P]	0	phosphorous	P	ANY	0	1.076923077	0	2527	0	0	0	0	0	0	0	0	0	0	0	1																					180.0	0.0			1785
[#6]-[C](=[O])-[NQ3](-[#6!$([#6]=O)])-[#6!$([#6]=O)]	3	[#6]-[C](=[O])-[N&d3](-[#6!$([#6]=O)])-[#6!$([#6]=O)]	3	nitrogen_amide_tert_C_C	N	C	2	9.365384615	1	2560	0	0	0	1	0	1	1	0	0	0	1	1					180.0	0.0	4.0	0.0	180.0	0.0	4.0	1.5				1.5	180.0	0.0	4.0	0.0	180.0	0.0	4.0	0.0	1375
[c]-[NQ3](-[C])-[C]	1	[c]-[N&d3](-[C])-[C]	1	nitrogen_aniline_tert	N	C	1	5.134615385	0	2115	0	0	0	1	0	1	1	0	0	0	1	1					180.0	0.0	4.0	0.0	180.0	0.0	4.0	1.5				1.5	180.0	0.0	4.0	0.0	180.0	0.0	4.0	0.0	1351
[#6](=[O])@!=[#7Q3](-[#6!$([#6]=O)])@!=[#6!$([#6]=O)]	2	[#6](=[O])@-,:[#7d3](-[#6!$([#6]=O)])@-,:[#6!$([#6]=O)]	2	nitrogen_amide_cyclic_tert	N	C	3	8.192307692	1	2091	0	0	0	1	0	1	1	0	0	0	1	1					180.0	0.0	4.0	0.0	180.0	0.0	4.0	1.5					180.0	0.0	4.0	0.0	180.0	0.0	4.0	0.0	1295
[#6X3]-[CQ3](~[OQ1])(~[OQ1])	1	[#6^2]-[C&d3](~[Od1])(~[Od1])	1	carbon_carboxylate_Csp2	C	O	1	6.615384615	1	1885	0	1	0	1	0	1	0	1	0	0	1	0	180.0	0.0	4.0	0.0	180.0	0.0	4.0	1.5	180.0	0.0	4.0	2.5					180.0	0.0	4.0	0.0					1416
[CX4]!@-[O]!@-[CX4]	1	[C^3]!@-[O]!@-[C^3]	1	oxygen_ether_acyclic_Csp3_Csp3	O	C	1	3.230769231	0	1165	0	0	0	0	0	1	1	0	0	0	0	0									180.0	0.0															834
[#6]-[C](=[O])-[NQ3](-[#6])-[#6]	1	[#6]-[C](=[O])-[N&d3](-[#6])-[#6]	1	carbon_amide_tert_C_C	C	C_N_O	2	8.019230769	1	2213	0	0	1	0	0	0	0	0	0	0	1	1					180.0	0.0	4.0	1.5									180.0	0.0	4.0	0.0	180.0	0.0	4.0	0.0	1448
[#6X3]-[CQ3](~[OQ1])(~[OQ1])	2	[#6^2]-[C&d3](~[Od1])(~[Od1])	2	oxygen_carboxylate_Csp2	O	C	2	6.615384615	1	1798	0	1	0	1	0	1	1	0	0	0	1	0	180.0	0.0	4.0	0.0	180.0	0.0	4.0	0.0	180.0	0.0	4.0	0.0				0.0	180.0	0.0	4.0	0.0					1424
[nQ2X2](:[aQ2]):[aQ2]	0	[nd2v3H0](:[ad2]):[ad2]	0	nitrogen_aromatic_acceptor_unshielded	N	ANY	1	7.653846154	1	1684	0	0	0	1	0	1	1	0	0	0	1	1					180.0	0.0	4.0	0.0	180.0	0.0	4.0	0.0				0.0	180.0	0.0	4.0	0.0	180.0	0.0	4.0	1.5	1375
[C](=[O])-[NQ1]	2	[C](=[O])-[N&d1]	2	nitrogen_amide_prim	N	C	3	3.807692308	1	1002	0	0	0	1	1	0	1	0	0	0	1	1					180.0	0.0	4.0	0.0	180.0	0.0	1.5	0.0					180.0	0.0	4.0	0.0	180.0	0.0	4.0	1.5	797
[c]-[F]	1	[c]-[F]	1	fluorine_aryl	F	C	1	2.403846154	0	1662	0	0	0	1	0	1	0	1	0	0	0	1					180.0	0.0	4.0	0.0	180.0	0.0											180.0	0.0			1520
[C](-[OQ1])(-[#6])(-[#6])(-[#6])	1	[C](-[Od1])(-[#6])(-[#6])(-[#6])	1	oxygen_alcohol_Csp3_tertiary	O	C	2	6.692307692	0	1487	0	0	0	0	1	1	1	0	0	0	0	0									180.0	0.0															991
[#6]-[SQ4](~[OQ1])(~[OQ1])-[#7]	1	[#6]-[Sd4](~[O])(~[O])-[#7]	1	sulfur_sulfonamide	S	C_N_O	2	7.865384615	0	1386	0	0	1	0	0	0	0	0	0	0	0	1					180.0	0.0															180.0	0.0			875
[cQ2]1[nQ2][cQ2]cc[cQ2]1	0	[cd2]1[nd2H0][cd2]cc[cd2]1	0	carbon_aromatic_pyridine_2	C	C_N	0	6.692307692	1	629	0	0	0	0	0	1	0	1	0	0	1	1									180.0	0.0	4.0	0.0					180.0	0.0	4.0	0.0	180.0	0.0	4.0	0.0	561
[#6X3]-[C](=[O])-[NQ2]-[CX4]	1	[#6^2]-[C](=[O])-[N&d2]-[C^3]	1	carbon_amide_sec_Csp2_Csp3	C	C_N_O	2	6.288461538	1	1318	0	0	1	0	0	0	0	0	0	0	1	1					180.0	0.0	4.0	1.5									180.0	0.0	4.0	0.0	180.0	0.0	4.0	0.0	1037
[C]=!@[CQ2X3]-[#6]	1	[C]=!@[cd2]-[#6]	1	carbon_ethylene_polarized_ch	C	C	1	3.384615385	1	1250	0	0	0	0	1	0	0	1	0	0	1	1									180.0	0.0	1.5	0.0					180.0	0.0	4.0	0.0	180.0	0.0	4.0	0.0	1117
[#6X3]-[C](=[O])-[NQ1]	1	[#6^2]-[C](=[O])-[N&d1]	1	carbon_amide_prim_Csp2	C	C_N_O	2	5.211538462	1	471	0	0	1	0	0	0	0	0	0	0	1	1					180.0	0.0	4.0	1.5									180.0	0.0	4.0	0.0	180.0	0.0	4.0	0.0	402
[#6]-[SQ2]-[#6]	1	[#6]-[Sd2]-[#6]	1	sulfur_thioether	S	C	1	3.711538462	0	886	0	0	0	0	0	0	0	0	0	0	0	1																					180.0	0.0			770
[#6X3]-[C](=[O])-[NQ1]	2	[#6^2]-[C](=[O])-[N&d1]	2	oxygen_amide_prim_Csp2	O	C	2	5.211538462	1	447	0	0	0	1	0	1	1	0	0	0	1	1					180.0	0.0	4.0	0.0	180.0	0.0	4.0	0.0				0.0	180.0	0.0	4.0	0.0	180.0	0.0	4.0	1.5	401
[#6X3]-[C](=[O])-[NQ1]	3	[#6^2]-[C](=[O])-[N&d1]	3	nitrogen_amide_prim_Csp2	N	C	2	5.211538462	1	443	0	0	0	1	1	0	1	0	0	0	1	1					180.0	0.0	4.0	0.0	180.0	0.0	1.5	0.0					180.0	0.0	4.0	0.0	180.0	0.0	4.0	1.5	403
[C;!$([C,S,P]~[#8X1,#9])]-[CQ3](-[C;!$([C,S,P]~[#8X1,#9])])-[C;!$([C,S,P]~[#8X1,#9])]	1	[C;!$([C,S,P]~[#8^2d1,#9])]-[C&d3](-[C;!$([C,S,P]~[#8^2d1,#9])])-[C;!$([C,S,P]~[#8^2d1,#9])]	1	carbon_alkyl_tertiary_unpolarized	C	C	2	5.653846154	0	2828	0	0	0	0	0	0	0	0	0	0	0	1																					180.0	0.0			1995
[s]	0	[s]	0	sulfur_aromatic	S	ANY	0	1.076923077	1	1215	0	0	0	0	0	1	0	1	0	0	1	1									180.0	0.0	4.0	1.5				1.5	180.0	0.0	4.0	0.0	180.0	0.0	4.0	0.0	1140
[#6X3]-[C](=[O])-[NQ2]-[CX4]	3	[#6^2]-[C](=[O])-[N&d2]-[C^3]	3	nitrogen_amide_sec_Csp2_Csp3	N	C	2	6.288461538	1	1185	0	0	0	1	1	0	1	0	0	0	1	1					180.0	0.0	4.0	0.0	180.0	0.0	1.5	0.0					180.0	0.0	4.0	0.0	180.0	0.0	4.0	1.5	1039
[C]-[F]	1	[C]-[F]	1	fluorine_alkyl	F	C	1	2.403846154	0	1198	0	0	0	1	0	1	0	1	0	0	0	1					180.0	0.0	4.0	0.0	180.0	0.0											180.0	0.0			1079
[#6X3!$([#6]~[#7,#8])]-[CQ3](~[OQ1])(~[OQ1])	2	[#6^2!$([#6]~[#7,#8])]-[C&d3](~[Od1])(~[Od1])	2	oxygen_carboxylate_Csp2_not_N,O	O	C	2	7.519230769	1	1122	0	1	0	1	0	1	1	0	0	0	1	0	180.0	0.0	4.0	0.0	180.0	0.0	4.0	0.0	180.0	0.0	4.0	0.0				0.0	180.0	0.0	4.0	0.0					915
[#6X3]-[C](=[O])-[NQ2]-[CX4]	2	[#6^2]-[C](=[O])-[N&d2]-[C^3]	2	oxygen_amide_sec_Csp2_Csp3	O	C	3	6.288461538	1	1131	0	0	0	1	0	1	1	0	0	0	1	1					180.0	0.0	4.0	0.0	180.0	0.0	4.0	0.0				0.0	180.0	0.0	4.0	0.0	180.0	0.0	4.0	1.5	1040
[nQ3+]1:[a]:[a]:[a]:[a]:[a]:1	0	[nd3+]1:[a]:[a]:[a]:[a]:[a]:1	0	nitrogen_pyridinium	N	ANY	3	11.40384615	1	150	1	0	1	0	0	0	0	0	0	0	1	0	180.0	0.0	4.0	0.0	180.0	0.0	4.0	1.5									180.0	0.0	4.0	0.0					110
[*]-[SQ4](~[O])(~[O])-[#7]	2	[*]-[Sd4](=[O])(=[O])-[#7]	2	oxygen_sulf_on_amide	O	S	3	7.461538462	0	997	0	0	0	1	0	1	1	0	0	0	0	0					180.0	0.0			180.0	0.0															994
[C;!$([C]=[O])]!@-[NQ2]!@-[C;!$([C]=[O])]	1	[C;!$([C]=[O])]!@-[N&d2]!@-[C;!$([C]=[O])]	1	nitrogen_amine_acyclic_sec	N	C	2	4.653846154	0	1119	1	0	1	0	1	0	1	0	0	0	0	0	180.0	0.0	4.0	0.0	180.0	0.0			180.0	0.0															834
[#6]-[SQ4](~[OQ1])(~[OQ1])-[#7]	1	[#6]-[Sd4](~[Od1])(~[Od1])~[Od1]	1	sulfur_sulfonate	S	C_O	2	8.644230769	0	1068	0	0	0	0	0	0	0	0	0	0	0	1																					180.0	0.0			539
[#6]-[SQ4](~[OQ1])(~[OQ1])~[OQ1]	2	[#6]-[Sd4](~[Od1])(~[Od1])~[Od1]	2	oxygen_sulfonate	O	S	3	8.644230769	0	1064	0	1	0	1	0	1	1	0	0	0	0	0	180.0	0.0			180.0	0.0			180.0	0.0															539
[#6X3]-[C](=[O])-[NQ2]-!@[CX4]	2	[#6^2]-[C](=[O])-[N&d2]-!@[C^3]	2	oxygen_amide_sec_acyclic_Csp2_Csp3	O	C	3	6.038461538	1	1005	0	0	0	1	0	1	1	0	0	0	1	1					180.0	0.0	4.0	0.0	180.0	0.0	4.0	0.0				0.0	180.0	0.0	4.0	0.0	180.0	0.0	4.0	1.5	925
[CX4]-[C](=[O])-[NQ2]-[#6X3]	1	[C^3]-[C](=[O])-[N&d2]-[#6^2]	1	carbon_amide_sec_Csp3_Csp2	C	C_N_O	2	6.288461538	1	1073	0	0	1	0	0	0	0	0	0	0	1	1					180.0	0.0	4.0	1.5									180.0	0.0	4.0	0.0	180.0	0.0	4.0	0.0	818
[#6]-[SQ4](~[O])(~[O])-[#7]	2	[#6]-[Sd4](=[O])(=[O])-[#7]	2	oxygen_sulfonamide	O	S	3	6.615384615	0	867	0	0	0	1	0	1	1	0	0	0	0	0					180.0	0.0			180.0	0.0															873
[C;!$([C]=[O])]@-[NQ2]@-[C;!$([C]=[O])]	1	[C;!$([C]=[O])]@-[N&d2]@-[C;!$([C]=[O])]	1	nitrogen_amine_cyclic_sec	N	C	2	4.653846154	0	1076	1	0	1	0	1	0	1	0	0	0	0	0	180.0	0.0	4.0	0.0	180.0	0.0			180.0	0.0															841
[o]	0	[o]	0	oxygen_aromatic	O	ANY	0	1.076923077	1	834	0	0	0	0	0	1	1	0	0	0	1	1									180.0	0.0	4.0	1.5				1.5	180.0	0.0	4.0	0.0	180.0	0.0	4.0	0.0	742
[C](-[F])(-[F])-[F]	3	[C](-[F])(-[F])-[F]	3	fluorine_cf3	F	C	2	5.057692308	0	859	0	0	0	1	0	1	0	1	0	0	0	1					180.0	0.0	4.0	0.0	180.0	0.0											180.0	0.0			803
[C]!@=[NQ2]	0	[C]=[N&d2]	0	carbon_imine_no_h	C	N_ANY	1	2.480769231	1	847	0	0	1	0	0	1	0	1	0	0	1	1					180.0	0.0	4.0	1.5	180.0	0.0	1.5	0.0					180.0	0.0	4.0	0.0	180.0	0.0	4.0	1.5	620
[c]-[NQ2]-[c]	1	[c]-[N&d2]-[c]	1	nitrogen_aniline_sec_Csp2	N	C	1	3.557692308	0	746	0	0	0	1	1	0	1	0	0	0	1	1					180.0	0.0	4.0	0.0	180.0	0.0	1.5	0.0					180.0	0.0	4.0	0.0	180.0	0.0	4.0	1.5	793
[CX4]-[C](=[O])-[NQ2]-[#6X3]	2	[C^3]-[C](=[O])-[N&d2]-[#6^2]	2	oxygen_amide_sec_Csp3_Csp2	O	C	3	6.288461538	1	898	0	0	0	1	0	1	1	0	0	0	1	1					180.0	0.0	4.0	0.0	180.0	0.0	4.0	0.0				0.0	180.0	0.0	4.0	0.0	180.0	0.0	4.0	1.5	819
[CX4]-[C](=[O])-[#6X3]	1	[C^3]-[C](=[O])-[#6^2]	1	carbon_ketone_Csp3_Csp2	C	C	1	5.134615385	1	766	0	0	1	0	0	0	0	0	0	0	1	1					180.0	0.0	4.0	1.5									180.0	0.0	4.0	0.0	180.0	0.0	4.0	0.0	579
[C]=!@[CQ1X3]	1	[C]=!@[C&d1]	1	carbon_ethylene_polarized_ch2	C	C	1	2.230769231	1	377	0	0	0	0	1	0	0	1	0	0	1	1									180.0	0.0	1.5	0.0					180.0	0.0	4.0	0.0	180.0	0.0	4.0	0.0	312
[C]=[NQ2]	1	[C]=[N&d2]	1	nitrogen_imine_no_h	N	C_ANY	1	2.480769231	1	796	0	0	0	1	0	1	1	0	0	0	1	1					180.0	0.0	4.0	0.0	180.0	0.0	4.0	1.5				1.5	180.0	0.0	4.0	0.0	180.0	0.0	4.0	0.0	648
c1[nQ2][cQ2][cQ2][cQ2]c1	3	c1[nd2H0][cd2][cd2][cd2]c1	3	carbon_aromatic_pyridine_3	C	C_N	0	6.769230769	1	718	0	0	0	0	0	1	0	1	0	0	1	1									180.0	0.0	4.0	0.0					180.0	0.0	4.0	0.0	180.0	0.0	4.0	0.0	631
c1[nQ2][cQ2]cc[nQ2]1	2	c1[nd2H0][cd2]cc[nd2H0]1	2	carbon_aromatic_pyrimidine_4	C	N_N	0	6.692307692	1	584	0	0	0	0	0	1	0	1	0	0	1	1									180.0	0.0	4.0	0.0					180.0	0.0	4.0	0.0	180.0	0.0	4.0	0.0	646
[CX4]-[C](=[O])-[#6X3]	2	[C^3]-[C](=[O])-[#6^2]	2	oxygen_ketone_Csp3_Csp2	O	C	2	5.134615385	1	670	0	0	0	1	0	1	1	0	0	0	1	1					180.0	0.0	4.0	0.0	180.0	0.0	4.0	0.0				0.0	180.0	0.0	4.0	0.0	180.0	0.0	4.0	1.5	583
[#6]-[N]-[OQ1]	2	[#6]-[N]-[Od1]	2	oxygen_oh_hydroxylamin	O	N	2	3.634615385	0	679	0	0	0	0	1	1	1	0	0	0	0	0									180.0	0.0															498
[CX4]-[C](=[O])-[NQ2]-[#6X3!$([#6]=O)]	3	[C^3]-[C](=[O])-[N&d2]-[#6^2!$([#6]=O)]	3	nitrogen_amide_sec_Csp3_Csp2	N	C	2	6.961538462	1	775	0	0	0	1	1	0	1	0	0	0	1	1					180.0	0.0	4.0	0.0	180.0	0.0	1.5	0.0					180.0	0.0	4.0	0.0	180.0	0.0	4.0	1.5	724
[C]#[N]	0	[C]#[N]	0	carbon_nitrile	C	N_ANY	1	2.403846154	0	637	0	0	1	0	0	0	0	0	0	0	1	1					180.0	0.0	4.0	1.5									180.0	0.0	4.0	0.0	180.0	0.0	4.0	0.0	563
[C]#[N]	1	[C]#[N]	1	nitrogen_nitrile	N	C	1	2.403846154	0	622	0	0	0	1	0	1	1	0	0	0	1	0					180.0	0.0	4.0	0.0	180.0	0.0	4.0	0.0					180.0	0.0	4.0	0.0					564
[s]1:[c]:[c]:[c]:[c]:1	0	[s]1:[c]:[c]:[c]:[c]:1	0	sulfur_thiophene	S	C	2	5.634615385	1	623	0	0	0	0	0	1	0	1	0	0	1	1									180.0	0.0	4.0	1.5				1.5	180.0	0.0	4.0	0.0	180.0	0.0	4.0	0.0	585
[C;!$([C]=[O])]!@-[NQ3](-[C;!$([C]=[O])])!@-[C;!$([C]=[O])]	1	[C;!$([C]=[O])]!@-[N&d3](-[C;!$([C]=[O])])!@-[C;!$([C]=[O])]	1	nitrogen_amine_acyclic_tert	N	C	2	6.653846154	0	589	1	0	1	0	1	0	1	0	0	0	0	0	180.0	0.0	4.0	0.0	180.0	0.0			180.0	0.0															395
[C]=!@[CQ3](-[#6])-[#6]	1	[C]=!@[C&d3](-[#6])-[#6]	1	carbon_ethylene_no_h	C	C	1	5.038461538	1	607	0	0	0	0	0	0	0	0	0	0	1	1																	180.0	0.0	4.0	0.0	180.0	0.0	4.0	0.0	509
[#6X3]-[C](=[O])-[NQ2]-!@[#6X3]	2	[#6^2]-[C](=[O])-[#7d2]-!@[#6^2]	2	oxygen_amide_sec_acyclic_Csp2_Csp2	O	C	3	6.269230769	1	543	0	0	0	1	0	1	1	0	0	0	1	1					180.0	0.0	4.0	0.0	180.0	0.0	4.0	0.0				0.0	180.0	0.0	4.0	0.0	180.0	0.0	4.0	1.5	550
[CX4]-[C](=[O])-[NQ2]-!@[#6X3]	2	[C^3]-[C](=[O])-[N&d2]-!@[#6^2]	2	oxygen_amide_sec_acyclic_Csp3_Csp2	O	C	3	6.038461538	1	596	0	0	0	1	0	1	1	0	0	0	1	1					180.0	0.0	4.0	0.0	180.0	0.0	4.0	0.0				0.0	180.0	0.0	4.0	0.0	180.0	0.0	4.0	1.5	549
[#6]-[SQ4](=[O])(=[O])-[#7](-[#6])-[#6]	4	[#6]-[Sd4](=[O])(=[O])-[#7](-[#6])-[#6]	4	nitrogen_nc2_sulfonamide	N	C_S	2	9.423076923	0	638	0	0	0	0	0	0	0	0	0	0	0	1																					180.0	0.0			311
[s]1:[c]:[n]:[c]:[c]:1	0	[s]1:[c]:[n]:[c]:[c]:1	0	sulfur_thiazole	S	C	2	5.634615385	1	519	0	0	0	0	0	1	0	1	0	0	1	1									180.0	0.0	4.0	1.5				1.5	180.0	0.0	4.0	0.0	180.0	0.0	4.0	0.0	498
[CX4]!@-[C](=[O])-[O]!@-[CX4]	1	[C^3]!@-[C](=[O])-[O]!@-[C^3]	1	carbon_ester_acyclic_Csp3_Csp3	C	C	2	5.634615385	1	531	0	0	1	0	0	0	0	0	0	0	1	1					180.0	0.0	4.0	1.5									180.0	0.0	4.0	0.0	180.0	0.0	4.0	0.0	389
[#6!$([c]~!@[CQ3](~[N!Q3]~[c,n])(~[N!Q3])),#7!$([n]~!@[CQ3](~[N!Q3]~[c,n])(~[N!Q3]))]~!@[CQ3](~[N!Q3])(~[N!Q3])	1	[#6!$([c]~!@[C&d3](~[N!d3]~[c,n])(~[N!d3])),#7!$([n]~!@[C&d3](~[N!d3]~[c,n])(~[N!d3]))]~!@[C&d3](~[N!d3])(~[N!d3])	1	carbon_guan_amid_inium	C	C_N	1	29.26923077	1	751	1	0	1	0	0	0	0	0	0	0	1	0	180.0	0.0	4.0	0.0	180.0	0.0	4.0	1.5									180.0	0.0	4.0	0.0					567
[CX4]!@-[C](=[O])-[O]!@-[CX4]	3	[C^3]!@-[C](=[O])-[O]!@-[C^3]	3	oxygen_sb_ester_acyclic_Csp3_Csp3	O	C	2	5.634615385	1	512	0	0	0	0	0	1	1	0	0	0	1	1									180.0	0.0							180.0	0.0	4.0	0.0	180.0	0.0	4.0	1.5	391
[CQ4]([CQ1])([CQ1])([CQ1])	1	[C&d4]([C&d1])([C&d1])([C&d1])	1	carbon_tbut	C	C	2	4.615384615	0	493	0	0	0	0	0	0	0	0	0	0	0	1																					180.0	0.0			429
[#6!$([c]~!@[CQ3](~[N!Q3]~[c,n])(~[N!Q3])),#7!$([n]~!@[CQ3](~[N!Q3]~[c,n])(~[N!Q3]))]~!@[CQ3](~[N!Q3])(~[N!Q3])	2	[#6!$([c]~!@[C&d3](~[N!d3]~[c,n])(~[N!d3])),#7!$([n]~!@[C&d3](~[N!d3]~[c,n])(~[N!d3]))]~!@[C&d3](~[N!d3])(~[N!d3])	2	nitrogen_guan_amid_inium_nh	N	C	2	29.26923077	1	700	1	0	1	0	1	0	1	0	0	0	1	0	180.0	0.0	4.0	0.0	180.0	0.0	4.0	0.0	180.0	0.0	1.5	0.0					180.0	0.0	4.0	0.0					568
[nQ2X3](:[aQ2]):[aQ2]	0	[nd2v3H1](:[ad2]):[ad2]	0	nitrogen_aromatic_donor_unshielded	N	ANY	1	7.653846154	1	550	0	0	0	1	1	0	1	0	0	0	1	1					180.0	0.0	4.0	0.0	180.0	0.0	1.5	0.0					180.0	0.0	4.0	0.0	180.0	0.0	4.0	1.5	352
[CX4]-[NQ2]-[C](=[O])-[N,O]	1	[C^3]-[N&d2]-[C](=[O])-[N,O]	1	nitrogen_urea_carbamate_sec_Csp3	N	C	2	6.288461538	1	506	0	0	0	1	1	0	1	0	0	0	1	1					180.0	0.0	4.0	0.0	180.0	0.0	1.5	0.0					180.0	0.0	4.0	0.0	180.0	0.0	4.0	1.5	461
[C!$([c,n]~!@[CQ3](~[N!Q3])(~[N!Q3]~[C,N])),C!$([C,N]~!@[CQ3](~[N!Q3])(~[N!Q3]~[c,n])),C!$([#6,#7]~!@[CQ3](~[N!Q3])(~[NQ1]))]=[NQ1X2]	0	[C!$([c,n]~!@[C&d3](~[N!d3])(~[N!d3]~[C,N])),C!$([C,N]~!@[C&d3](~[N!d3])(~[N!d3]~[c,n])),C!$([#6,#7]~!@[C&d3](~[N!d3])(~[N&d1]))]=[N&d1v2] 	0	carbon_imine_nh	C	N_ANY	1	30.16346154	1	464	0	0	1	0	0	1	0	1	0	0	1	1					180.0	0.0	4.0	1.5	180.0	0.0	1.5	0.0					180.0	0.0	4.0	0.0	180.0	0.0	4.0	1.5	373
[CX4]!@-[C](=[O])-[O]!@-[CX4]	2	[C^3]!@-[C](=[O])-[O]!@-[C^3]	2	oxygen_db_ester_acyclic_Csp3_Csp3	O	C	3	5.634615385	1	476	0	0	0	1	0	1	1	0	0	0	1	1					180.0	0.0	4.0	0.0	180.0	0.0	4.0	0.0				0.0	180.0	0.0	4.0	0.0	180.0	0.0	4.0	1.5	392
[C!$([c,n]~!@[CQ3](~[N!Q3])(~[N!Q3]~[C,N])),C!$([C,N]~!@[CQ3](~[N!Q3])(~[N!Q3]~[c,n])),C!$([#6,#7]~!@[CQ3](~[N!Q3])(~[NQ1]))]=[NQ1X2]	1	[C!$([c,n]~!@[C&d3](~[N!d3])(~[N!d3]~[C,N])),C!$([C,N]~!@[C&d3](~[N!d3])(~[N!d3]~[c,n])),C!$([#6,#7]~!@[C&d3](~[N!d3])(~[N&d1]))]=[N&d1v2] 	1	nitrogen_imine_nh	N	C	1	30.16346154	1	454	0	0	0	1	1	0	1	0	0	0	1	1					180.0	0.0	4.0	0.0	180.0	0.0	1.5	0.0					180.0	0.0	4.0	0.0	180.0	0.0	4.0	1.5	378
[#6]-[SQ4](~[O])(~[O])-[#7Q2]-[#6]	4	[#6]-[Sd4](=[O])(=[O])-[#7d2]-[#6]	4	nitrogen_nhc_sulfonamide	N	C_S	2	7.923076923	0	374	0	0	0	0	1	0	1	0	0	0	0	0									180.0	0.0															328
[C]-[SQ1]	1	[C]-[Sd1]	1	sulfur_thiol_alkyl	S	C	1	2.480769231	0	235	0	0	0	0	1	0	0	1	0	0	0	0									180.0	0.0															143
[BrQ1]	0	[Brd1]	0	bromine_any	Br	ANY	0	1.153846154	0	477	0	0	0	0	0	0	0	0	1	0	0	1													45.0	0.0							180.0	0.0			457
[CQ3]1[CQ2][CQ2]1	0	[C&d3]1[C&d2][C&d2]1	0	carbon_cpro_int	C	C_ANY	2	3.461538462	0	498	0	0	0	0	0	0	0	0	0	0	0	1																					180.0	0.0			434
[c]-[Br]	1	[c]-[Br]	1	bromine_aryl	Br	C	1	2.403846154	0	465	0	0	0	0	0	0	0	0	1	0	0	1													45.0	0.0							180.0	0.0			446
[#6]-[NQ3]-[O]	1	[#6]-[N&d3]-[O]	1	nitrogen_no_h_hydroxylamin	N	C_O_ANY	1	3.634615385	0	428	0	0	0	0	0	0	0	0	0	0	0	1																					180.0	0.0			326
[#6]-[NQ3](-[#6])-[C](=[O])-[N,O]	1	[#6]-[N&d3](-[#6])-[C](=[O])-[N,O]	1	nitrogen_urea_carbamate_tert	N	C	2	8.019230769	1	500	0	0	0	1	0	1	1	0	0	0	1	1					180.0	0.0	4.0	0.0	180.0	0.0	4.0	1.5				1.5	180.0	0.0	4.0	0.0	180.0	0.0	4.0	0.0	357
[#6]-[O]-[C](=[O])-[N]	2	[#6]-[O]-[C](=[O])-[N]	2	carbon_carbamate	C	N_O	2	6.211538462	1	445	0	0	1	0	0	0	0	0	0	0	1	1					180.0	0.0	4.0	1.5									180.0	0.0	4.0	0.0	180.0	0.0	4.0	0.0	315
[#6X3!$([#6]=O)]!@-[O]!@-[#6X3!$([#6]=O)]	1	[#6^2!$([#6]=O)]!@-[O]!@-[#6^2!$([#6]=O)]	1	oxygen_ether_acyclic_Csp2_Csp2	O	C	1	3.384615385	0	362	0	0	0	0	0	1	1	0	0	0	1	0									180.0	0.0							180.0	0.0	4.0	0.0					352
[c$(c[O,N]),cQ2]1[c$(c[O,N]),cQ2][c$(c[O,N]),cQ2][c$(c[O,N]),cQ2]c2c1cc[n]2	8	[c$(c[O,N]),cd2]1[c$(c[O,N]),cd2][c$(c[O,N]),cd2][c$(c[O,N]),cd2]c2c1cc[n]2	8	nitrogen_aromatic_indole	N	C_N	1	21.98076923	1	478	0	0	0	1	1	0	1	0	0	0	1	1					180.0	0.0	4.0	0.0	180.0	0.0	1.5	0.0					180.0	0.0	4.0	0.0	180.0	0.0	4.0	1.5	408
[#6]-[SQ4](~[OQ1])(~[OQ1])-[#6]	1	[#6]-[Sd4](~[Od1])(~[Od1])-[#6]	1	sulfur_sulfone	S	C_O	2	8.019230769	0	442	0	0	1	0	0	0	0	0	0	0	0	1					180.0	0.0															180.0	0.0			308
[CQ3]1[CQ2][CQ2]1	1	[C&d3]1[C&d2][C&d2]1	1	carbon_cpro_ext	C	C	2	3.461538462	0	448	0	0	0	0	0	0	0	0	0	0	0	1																					180.0	0.0			433
[c$(c[O,N]),cQ2]1[c$(c[O,N]),cQ2][c$(c[O,N]),cQ2][c$(c[O,N]),cQ2]c2c1cc[n]2	7	[c$(c[O,N]),cd2]1[c$(c[O,N]),cd2][c$(c[O,N]),cd2][c$(c[O,N]),cd2]c2c1cc[n]2	7	carbon_aromatic_indole_2	C	C_N	1	21.98076923	1	459	0	0	0	0	1	0	0	1	0	0	1	1									180.0	0.0	1.5	0.0					180.0	0.0	4.0	0.0	180.0	0.0	4.0	0.0	403
[CX4]-[C](=[O])-[CX4]	1	[C^3]-[C](=[O])-[C^3]	1	carbon_ketone_Csp3_Csp3	C	C	1	5.057692308	1	424	0	0	1	0	0	0	0	0	0	0	1	1					180.0	0.0	4.0	1.5									180.0	0.0	4.0	0.0	180.0	0.0	4.0	0.0	298
[c$(c[O,N]),cQ2]1[c$(c[O,N]),cQ2][c$(c[O,N]),cQ2][c$(c[O,N]),cQ2]c2c1cc[n]2	2	[c$(c[O,N]),cd2]1[c$(c[O,N]),cd2][c$(c[O,N]),cd2][c$(c[O,N]),cd2]c2c1cc[n]2	2	carbon_aromatic_indole_6	C	C_N	1	21.98076923	1	442	0	0	0	0	1	0	0	1	0	0	1	1									180.0	0.0	1.5	0.0					180.0	0.0	4.0	0.0	180.0	0.0	4.0	0.0	409
[c$(c[O,N]),cQ2]1[c$(c[O,N]),cQ2][c$(c[O,N]),cQ2][c$(c[O,N]),cQ2]c2c1cc[n]2	1	[c$(c[O,N]),cd2]1[c$(c[O,N]),cd2][c$(c[O,N]),cd2][c$(c[O,N]),cd2]c2c1cc[n]2	1	carbon_aromatic_indole_5	C	C_N	1	21.98076923	1	454	0	0	0	0	1	0	0	1	0	0	1	1									180.0	0.0	1.5	0.0					180.0	0.0	4.0	0.0	180.0	0.0	4.0	0.0	409
[c$(c[O,N]),cQ2]1[c$(c[O,N]),cQ2][c$(c[O,N]),cQ2][c$(c[O,N]),cQ2]c2c1cc[n]2	6	[c$(c[O,N]),cd2]1[c$(c[O,N]),cd2][c$(c[O,N]),cd2][c$(c[O,N]),cd2]c2c1cc[n]2	6	carbon_aromatic_indole_3	C	C_N	1	21.98076923	1	473	0	0	0	0	1	0	0	1	0	0	1	1									180.0	0.0	1.5	0.0					180.0	0.0	4.0	0.0	180.0	0.0	4.0	0.0	400
[c$(c[O,N]),cQ2]1[c$(c[O,N]),cQ2][c$(c[O,N]),cQ2][c$(c[O,N]),cQ2]c2c1cc[n]2	5	[c$(c[O,N]),cd2]1[c$(c[O,N]),cd2][c$(c[O,N]),cd2][c$(c[O,N]),cd2]c2c1cc[n]2	5	carbon_aromatic_indole_b	C	C_N	1	21.98076923	1	462	0	0	0	0	1	0	0	1	0	0	1	1									180.0	0.0	1.5	0.0					180.0	0.0	4.0	0.0	180.0	0.0	4.0	0.0	404
[c$(c[O,N]),cQ2]1[c$(c[O,N]),cQ2][c$(c[O,N]),cQ2][c$(c[O,N]),cQ2]c2c1cc[n]2	4	[c$(c[O,N]),cd2]1[c$(c[O,N]),cd2][c$(c[O,N]),cd2][c$(c[O,N]),cd2]c2c1cc[n]2	4	carbon_aromatic_indole_a	C	C_N	1	21.98076923	1	451	0	0	0	0	1	0	0	1	0	0	1	1									180.0	0.0	1.5	0.0					180.0	0.0	4.0	0.0	180.0	0.0	4.0	0.0	408
[c$(c[O,N]),cQ2]1[c$(c[O,N]),cQ2][c$(c[O,N]),cQ2][c$(c[O,N]),cQ2]c2c1cc[n]2	0	[c$(c[O,N]),cd2]1[c$(c[O,N]),cd2][c$(c[O,N]),cd2][c$(c[O,N]),cd2]c2c1cc[n]2	0	carbon_aromatic_indole_4	C	C_N	1	21.98076923	1	445	0	0	0	0	1	0	0	1	0	0	1	1									180.0	0.0	1.5	0.0					180.0	0.0	4.0	0.0	180.0	0.0	4.0	0.0	409
[c$(c[O,N]),cQ2]1[c$(c[O,N]),cQ2][c$(c[O,N]),cQ2][c$(c[O,N]),cQ2]c2c1cc[n]2	3	[c$(c[O,N]),cd2]1[c$(c[O,N]),cd2][c$(c[O,N]),cd2][c$(c[O,N]),cd2]c2c1cc[n]2	3	carbon_aromatic_indole_7	C	C_N	1	21.98076923	1	434	0	0	0	0	1	0	0	1	0	0	1	1									180.0	0.0	1.5	0.0					180.0	0.0	4.0	0.0	180.0	0.0	4.0	0.0	409
[#6X3]-[NQ2]-[C](=[O])-[N,O]	1	[#6^2]-[N&d2]-[C](=[O])-[N,O]	1	nitrogen_urea_carbamate_sec_Csp2	N	C	2	6.365384615	1	405	0	0	0	1	1	0	1	0	0	0	1	1					180.0	0.0	4.0	0.0	180.0	0.0	1.5	0.0					180.0	0.0	4.0	0.0	180.0	0.0	4.0	1.5	405
[CX4]-[NQ2]-[C](=[O])-[N]	2	[C^3]-[N&d2]-[C](=[O])-[N]	2	carbon_urea_sec_Csp3	C	N_O	2	6.211538462	1	380	0	0	1	0	0	0	0	0	0	0	1	1					180.0	0.0	4.0	1.5									180.0	0.0	4.0	0.0	180.0	0.0	4.0	0.0	311
c1[nQ2]c[cQ2]c[nQ2]1	3	c1[nd2H0]c[cd2]c[nd2H0]1	3	carbon_aromatic_pyrimidine_5	C	N_N	0	6.692307692	1	359	0	0	0	0	0	1	0	1	0	0	1	1									180.0	0.0	4.0	0.0					180.0	0.0	4.0	0.0	180.0	0.0	4.0	0.0	350
[CX4]-[C](=[O])-[CX4]	2	[C^3]-[C](=[O])-[C^3]	2	oxygen_ketone_Csp3_Csp3	O	C	2	5.057692308	1	385	0	0	0	1	0	1	1	0	0	0	1	1					180.0	0.0	4.0	0.0	180.0	0.0	4.0	0.0				0.0	180.0	0.0	4.0	0.0	180.0	0.0	4.0	1.5	298
[#6X3]-[NQ2]-[C](=[O])-[N]	2	[#6^2]-[N&d2]-[C](=[O])-[N]	2	carbon_urea_sec_Csp2	C	N_O	2	6.288461538	1	378	0	0	1	0	0	0	0	0	0	0	1	1					180.0	0.0	4.0	1.5									180.0	0.0	4.0	0.0	180.0	0.0	4.0	0.0	344
[#6,#7]~!@[CQ3](~[NQ1])(~[NQ1])	2	[#6,#7]~!@[C&d3](~[N&d1])(~[N&d1])	2	nitrogen_guan_amid_inium_nh4	N	C	2	6.519230769	1	507	1	0	1	0	1	0	1	0	0	0	1	0	180.0	0.0	4.0	0.0	180.0	0.0	4.0	0.0	180.0	0.0	1.5	0.0					180.0	0.0	4.0	0.0					400
[#6]-[#7](~[O])~[O]	1	[#6]-[#7](~[O])~[O]	1	nitrogen_nitro	N	C_O	1	6.461538462	1	333	0	0	0	0	0	0	0	0	0	0	1	1																	180.0	0.0	4.0	0.0	180.0	0.0	4.0	1.5	266
[C](=[O])!@-[NQ3](-[C!$(C=O)])!@-[C!$(C=O)]	2	[C](=[O])!@-[N&d3](-[C!$(C=O)])!@-[C!$(C=O)]	2	nitrogen_amide_acyclic_tert	N	C	3	5.153846154	1	407	0	0	0	1	0	1	1	0	0	0	1	1					180.0	0.0	4.0	0.0	180.0	0.0	4.0	1.5					180.0	0.0	4.0	0.0	180.0	0.0	4.0	0.0	257
[#6]-[O]-[C](=[O])-[N]	1	[#6]-[O]-[C](=[O])-[N]	1	oxygen_sb_carbamate	O	C	2	6.211538462	1	370	0	0	0	0	0	1	1	0	0	0	1	1									180.0	0.0							180.0	0.0	4.0	0.0	180.0	0.0	4.0	1.5	317
[CX4]-[NQ2]-[C](=[O])-[N]	3	[C^3]-[N&d2]-[C](=[O])-[N]	3	oxygen_urea_sec_Csp3	O	C	2	6.211538462	1	351	0	0	0	1	0	1	1	0	0	0	1	1					180.0	0.0	4.0	0.0	180.0	0.0	1.5	0.0				0.0	180.0	0.0	4.0	0.0	180.0	0.0	4.0	1.5	314
[#6]-[#7](~[O])~[O]	2	[#6]-[#7](~[O])~[O]	2	oxygen_nitro	O	N	2	6.461538462	1	319	0	0	0	1	0	1	1	0	0	0	1	1					180.0	0.0	4.0	0.0	180.0	0.0	4.0	1.5				1.5	180.0	0.0	4.0	0.0	180.0	0.0	4.0	0.0	269
[#6X3]-[NQ2]-[C](=[O])-[N]	3	[#6^2]-[N&d2]-[C](=[O])-[N]	3	oxygen_urea_sec_Csp2	O	C	2	6.288461538	1	358	0	0	0	1	0	1	1	0	0	0	1	1					180.0	0.0	4.0	0.0	180.0	0.0	1.5	0.0				0.0	180.0	0.0	4.0	0.0	180.0	0.0	4.0	1.5	344
[#6]-[O]-[C](=[O])-[N]	3	[#6]-[O]-[C](=[O])-[N]	3	oxygen_db_carbamate	O	C	3	6.211538462	1	336	0	0	0	1	0	1	1	0	0	0	1	1					180.0	0.0	4.0	0.0	180.0	0.0	4.0	0.0				0.0	180.0	0.0	4.0	0.0	180.0	0.0	4.0	1.5	317
[#6X3]-[C](=[O])-[#6X3]	1	[#6^2]-[C](=[O])-[#6^2]	1	carbon_ketone_Csp2_Csp2	C	O	1	5.211538462	1	333	0	0	1	0	0	0	0	0	0	0	1	1					180.0	0.0	4.0	1.5									180.0	0.0	4.0	0.0	180.0	0.0	4.0	0.0	253
[#6]-[SQ4](~[OQ1])(~[OQ1])-[#6]	2	[#6]-[Sd4](~[Od1])(~[Od1])-[#6]	2	oxygen_sulfone	O	S	3	8.019230769	0	324	0	0	0	1	0	1	1	0	0	0	0	0					180.0	0.0			180.0	0.0															308
[#6]-[NQ3](-[#6])-[C](=[O])-[N]	3	[#6]-[N&d3](-[#6])-[C](=[O])-[N]	3	carbon_urea_tert	C	N_O	2	7.942307692	1	319	0	0	1	0	0	0	0	0	0	0	1	1					180.0	0.0	4.0	1.5									180.0	0.0	4.0	0.0	180.0	0.0	4.0	0.0	273
[#7+]-[CQ1]	1	[#7+]-[C&d1]	1	carbon_alkyl_terminal_polarized_ammonium	C	N	1	2.557692308	0	1136	0	0	0	0	1	0	0	1	0	0	0	1									180.0	0.0											180.0	0.0			814
c1[nQ2]c[cQ2][cQ2][cQ2]1	4	c1[nd2H0]c[cd2][cd2][cd2]1	4	carbon_aromatic_pyridine_4	C	C_N	0	6.769230769	1	263	0	0	0	0	0	1	0	1	0	0	1	1									180.0	0.0	4.0	0.0					180.0	0.0	4.0	0.0	180.0	0.0	4.0	0.0	233
[CX4]-[C](=[O])-[NQ1]	1	[C^3]-[C](=[O])-[N&d1]	1	carbon_amide_prim_Csp3	C	C_N_O	2	5.134615385	1	543	0	0	1	0	0	0	0	0	0	0	1	1					180.0	0.0	4.0	1.5									180.0	0.0	4.0	0.0	180.0	0.0	4.0	0.0	326
[#6]-[NQ2]-[O]	1	[#6]-[N&d2]-[O]	1	nitrogen_nh_hydroxylamin	N	C_O	1	3.634615385	0	250	0	0	0	0	1	0	1	0	0	0	0	0									180.0	0.0															176
[o][n]	0	[o][n]	0	oxygen_aromatic_isoxazole	O	N	0	2.153846154	1	265	0	0	0	0	0	1	1	0	0	0	1	1									180.0	0.0	4.0	1.5				1.5	180.0	0.0	4.0	0.0	180.0	0.0	4.0	0.0	254
[#6]-[SQ4](=[O])(=[O])-[#7Q1]	4	[#6]-[Sd4](=[O])(=[O])-[#7d1]	4	nitrogen_nh2_sulfonamide	N	S	2	6.769230769	0	240	0	0	0	0	1	0	1	0	0	0	0	0									180.0	0.0															229
[NQ2](-[#6$([#6]=O),S$(S(~O)(~O))])(-[#6$([#6]=O),S$(S(~O)(~O))])	0	[N&d2](-[#6$([#6]=O),S$(S(~O)(~O))])(-[#6$([#6]=O),S$(S(~O)(~O))])	0	nitrogen_amide_acidic	N	C	2	15.42307692	1	266	0	0	0	1	0	1	1	0	0	0	1	1					180.0	0.0	4.0	0.0	180.0	0.0	4.0	0.0				0.0	180.0	0.0	4.0	0.0	180.0	0.0	4.0	1.5	246
[CX4]-[C](=[O])-[NQ1]	3	[C^3]-[C](=[O])-[N&d1]	3	nitrogen_amide_prim_Csp3	N	C	2	5.134615385	1	479	0	0	0	1	1	0	1	0	0	0	1	1					180.0	0.0	4.0	0.0	180.0	0.0	1.5	0.0					180.0	0.0	4.0	0.0	180.0	0.0	4.0	1.5	336
[CX4]-[C](=[O])-[NQ1]	2	[C^3]-[C](=[O])-[N&d1]	2	oxygen_amide_prim_Csp3	O	C	2	5.134615385	1	469	0	0	0	1	0	1	1	0	0	0	1	1					180.0	0.0	4.0	0.0	180.0	0.0	4.0	0.0				0.0	180.0	0.0	4.0	0.0	180.0	0.0	4.0	1.5	336
[#6X3]-[C](=[O])-[#6X3]	2	[#6^2]-[C](=[O])-[#6^2]	2	oxygen_ketone_Csp2_Csp2	O	C	2	5.211538462	1	261	0	0	0	1	0	1	1	0	0	0	1	1					180.0	0.0	4.0	0.0	180.0	0.0	4.0	0.0				0.0	180.0	0.0	4.0	0.0	180.0	0.0	4.0	1.5	254
[#6X3]!@-[C](=[O])-[O]!@-[CX4]	3	[#6^2]!@-[C](=[O])-[O]!@-[C^3]	3	oxygen_sb_ester_acyclic_Csp2_Csp3	O	C	2	5.711538462	1	238	0	0	0	0	0	1	1	0	0	0	1	1									180.0	0.0							180.0	0.0	4.0	0.0	180.0	0.0	4.0	1.5	205
[#6X3]!@-[C](=[O])-[O]!@-[CX4]	1	[#6^2]!@-[C](=[O])-[O]!@-[C^3]	1	carbon_ester_acyclic_Csp2_Csp3	C	C	2	5.711538462	1	228	0	0	1	0	0	0	0	0	0	0	1	1					180.0	0.0	4.0	1.5									180.0	0.0	4.0	0.0	180.0	0.0	4.0	0.0	204
[#6]-[NQ3](-[#6])-[C](=[O])-[N]	4	[#6]-[N&d3](-[#6])-[C](=[O])-[N]	4	oxygen_urea_tert	O	C	2	7.942307692	1	271	0	0	0	1	0	1	1	0	0	0	1	1					180.0	0.0	4.0	0.0	180.0	0.0	1.5	0.0				0.0	180.0	0.0	4.0	0.0	180.0	0.0	4.0	1.5	273
[CX4]-[C](=[O])-[NQ2]-@[#6X3]	2	[C^3]-[C](=[O])-[N&d2]-@[#6^2]	2	oxygen_amide_sec_cyclic_Csp3_Csp2	O	C	3	6.038461538	1	308	0	0	0	1	0	1	1	0	0	0	1	1					180.0	0.0	4.0	0.0	180.0	0.0	4.0	0.0				0.0	180.0	0.0	4.0	0.0	180.0	0.0	4.0	1.5	280
[C]#[CQ2]-[#6]	1	[C]#[C&d2]-[#6]	1	carbon_acetylene_no_h	C	C	1	3.634615385	0	243	0	0	0	0	0	0	0	0	0	0	1	1																	180.0	0.0	4.0	0.0	180.0	0.0	4.0	0.0	235
[c][CQ2][c]	1	[c][C&d2][c]	1	carbon_methylene_aryl_aryl	C	C	2	3.307692308	0	199	0	0	0	0	1	0	0	1	0	0	0	1									180.0	0.0											180.0	0.0			188
[o][c][n]	0	[o][c][n]	0	oxygen_aromatic_oxazole	O	C	0	3.230769231	1	241	0	0	0	0	0	1	1	0	0	0	1	1									180.0	0.0	4.0	1.5				1.5	180.0	0.0	4.0	0.0	180.0	0.0	4.0	0.0	223
[#6X3]!@-[C](=[O])-[O]!@-[CX4]	2	[#6^2]!@-[C](=[O])-[O]!@-[C^3]	2	oxygen_db_ester_acyclic_Csp2_Csp3	O	C	3	5.711538462	1	214	0	0	0	1	0	1	1	0	0	0	1	1					180.0	0.0	4.0	0.0	180.0	0.0	4.0	0.0				0.0	180.0	0.0	4.0	0.0	180.0	0.0	4.0	1.5	204
[cQ2]1[nQ2]cc[nQ2]c1	0	[cd2]1[nd2]cc[nd2]c1	0	carbon_aromatic_pyrazine	C	C_N	0	6.692307692	1	251	0	0	0	0	0	1	0	1	0	0	1	1									180.0	0.0	4.0	0.0					180.0	0.0	4.0	0.0	180.0	0.0	4.0	0.0	234
[#6]-[C](=[O])-[NQ2]-[OQ1]	1	[#6]-[C](=[O])-[N&d2]-[Od1]	1	carbon_hydroxamate	C	C_N_O	2	6.365384615	1	224	0	1	0	1	0	0	0	0	0	0	1	1	180.0	0.0	4.0	0.0	180.0	0.0	4.0	1.5									180.0	0.0	4.0	0.0	180.0	0.0	4.0	0.0	138
[C]@-[C](=[O])@-[O]@-[CX4]	2	[C]@-[C](=[O])@-[O]@-[C^3]	2	oxygen_lactone	O	C	3	5.634615385	1	201	0	0	0	1	0	1	1	0	0	0	1	1					180.0	0.0	4.0	0.0	180.0	0.0	4.0	0.0				0.0	180.0	0.0	4.0	0.0	180.0	0.0	4.0	1.5	157
[#6]-[C](=[O])-[NQ2]-[OQ1]	2	[#6]-[C](=[O])-[N&d2]-[Od1]	2	oxygen_db_hydroxamate	O	C	3	6.365384615	1	202	0	1	0	1	0	1	1	0	0	0	1	0	180.0	0.0	4.0	0.0	180.0	0.0	4.0	0.0	180.0	0.0	4.0	0.0				0.0	180.0	0.0	4.0	0.0					138
[#6]-[C](=[O])-[NQ2]-[OQ1]	4	[#6]-[C](=[O])-[N&d2]-[Od1]	4	oxygen_sb_hydroxamate	O	N	3	6.365384615	1	219	0	1	0	1	0	1	1	0	0	0	1	0	180.0	0.0	4.0	0.0	180.0	0.0	4.0	0.0	180.0	0.0	4.0	0.0				0.0	180.0	0.0	4.0	0.0					138
[#6]-[C](=[O])-[NQ2]-[OQ1]	3	[#6]-[C](=[O])-[N&d2]-[Od1]	3	nitrogen_hydroxamate	N	C_O	2	6.365384615	1	203	0	1	0	1	1	0	1	0	0	0	1	0	180.0	0.0	4.0	0.0	180.0	0.0	4.0	1.5	180.0	0.0	4.0	0.0				1.5	180.0	0.0	4.0	0.0					138
[#6]-[N+](-[#6])(-[#6])-[#6]	1	[#6]-[N+](-[#6])(-[#6])-[#6]	1	nitrogen_ammonium_ion	N	C	1	6.692307692	0	187	1	0	1	0	1	0	1	0	0	0	0	0	180.0	0.0	4.0	0.0	180.0	0.0			180.0	0.0															93
[CX4]-[C](=[O])-[NQ2]-@[CX4]	2	[C^3]-[C](=[O])-[N&d2]-@[C^3]	2	oxygen_amide_sec_cyclic_Csp3_Csp3	O	C	3	5.961538462	1	225	0	0	0	1	0	1	1	0	0	0	1	1					180.0	0.0	4.0	0.0	180.0	0.0	4.0	0.0				0.0	180.0	0.0	4.0	0.0	180.0	0.0	4.0	1.5	217
[#6X3]-[C](=[O])-[NQ2]-@[CX4]	2	[#6^2]-[C](=[O])-[N&d2]-@[C^3]	2	oxygen_amide_sec_cyclic_Csp2_Csp3	O	C	3	6.038461538	1	141	0	0	0	1	0	1	1	0	0	0	1	1					180.0	0.0	4.0	0.0	180.0	0.0	4.0	0.0				0.0	180.0	0.0	4.0	0.0	180.0	0.0	4.0	1.5	138
[NQ1]-[C](=[O])-[N,O]	0	[N&d1]-[C](=[O])-[N,O]	0	nitrogen_urea_carbamate_prim	N	C	2	5.211538462	1	98	0	0	0	1	1	0	1	0	0	0	1	1					180.0	0.0	4.0	0.0	180.0	0.0	1.5	0.0					180.0	0.0	4.0	0.0	180.0	0.0	4.0	1.5	83
[IQ1]	0	[Id1]	0	iodine_any	I	ANY	0	1.153846154	0	90	0	0	0	0	0	0	0	0	1	0	0	1													45.0	0.0							180.0	0.0			79
[c]-[I]	1	[c]-[I]	1	iodine_aryl	I	C	1	2.403846154	0	87	0	0	0	0	0	0	0	0	1	0	0	1													45.0	0.0							180.0	0.0			78
[cQ3]1:[n]:[n]:[n]:[n]:1	2	[cd3]1:[n]:[n]:[n]:[n]:1	2	nitrogen_tetrazole_ext	N	N	2	5.711538462	1	96	0	1	0	1	0	1	1	0	0	0	1	0	180.0	0.0	4.0	0.0	180.0	0.0	4.0	0.0	180.0	0.0	4.0	0.0				0.0	180.0	0.0	4.0	0.0					82
[cQ3]1:[n]:[n]:[n]:[n]:1	1	[cd3]1:[n]:[n]:[n]:[n]:1	1	nitrogen_tetrazole_int	N	C_N	3	5.711538462	1	94	0	1	0	1	0	1	1	0	0	0	1	0	180.0	0.0	4.0	0.0	180.0	0.0	4.0	0.0	180.0	0.0	4.0	0.0					180.0	0.0	4.0	0.0					82
[CQ3X4](-[F])-[F]	2	[C&d3](-[F])-[F]	2	fluorine_cf2	F	C	2	3.807692308	0	80	0	0	0	1	0	1	0	1	0	0	0	1					180.0	0.0	4.0	0.0	180.0	0.0											180.0	0.0			81
[#6]-[N]-[NQ2]-[#6]	2	[#6]-[N]-[N&d2]-[#6]	2	nitrogen_nh_hydrazine	N	C_N	2	4.788461538	0	74	0	0	0	0	1	0	1	0	0	0	0	0									180.0	0.0															64
[C]#[CQ1X2]	1	[C]#[C&d1v3]	1	carbon_acetylene_polarized_ch	C	C	1	2.480769231	0	66	0	0	0	0	1	0	0	1	0	0	1	1									180.0	0.0	4.0	0.0					180.0	0.0	4.0	0.0	180.0	0.0	4.0	0.0	57
[NQ1]-[C](=[O])-[N]	2	[N&d1]-[C](=[O])-[N]	2	carbon_urea_prim	C	N_O	1	5.134615385	1	75	0	0	1	0	0	0	0	0	0	0	1	1					180.0	0.0	4.0	1.5									180.0	0.0	4.0	0.0	180.0	0.0	4.0	0.0	59
[NQ1]-[C](=[O])-[N]	2	[N&d1]-[C](=[O])-[N]	2	oxygen_urea_prim	O	C	2	5.134615385	1	75	0	0	0	1	0	1	1	0	0	0	1	1					180.0	0.0	4.0	0.0	180.0	0.0	1.5	0.0				0.0	180.0	0.0	4.0	0.0	180.0	0.0	4.0	1.5	59
[#6]-[N]-[NQ3](-[#6])-[#6]	2	[#6]-[N]-[N&d3](-[#6])-[#6]	2	nitrogen_no_h_hydrazine	N	C_N	2	6.442307692	0	72	0	0	0	0	0	0	0	0	0	0	0	1																					180.0	0.0			46
[#6]-[N]-[OQ2]	2	[#6]-[N]-[Od2]	2	oxygen_no_h_hydroxylamin	O	N_ANY	2	3.634615385	0	56	0	0	0	0	0	1	1	0	0	0	0	0									180.0	0.0															44
[CQ2X4]-[F]	1	[C&d2]-[F]	1	fluorine_cf	F	C	1	2.480769231	0	46	0	0	0	1	0	1	0	1	0	0	0	1					180.0	0.0	4.0	0.0	180.0	0.0											180.0	0.0			37
[cQ2]1[nQ2][cQ2]cnc1	0	[cd2]1[nd2H0][cd2]cnc1	1	nitrogen_pyrazine	N	C	0	6.692307692	1	60	0	0	0	1	0	1	1	0	0	0	1	1					180.0	0.0	4.0	0.0	180.0	0.0	4.0	0.0				0.0	180.0	0.0	4.0	0.0	180.0	0.0	4.0	1.5	53
[#6]-[SQ3](~[OQ1])-[#6]	2	[#6]-[Sd3](=[O])-[#6]	2	oxygen_sulfoxide	O	S	3	5.288461538	0	36	0	0	0	1	0	1	1	0	0	0	0	0					180.0	0.0			180.0	0.0															32
[#6]-[SQ3](~[OQ1])-[#6]	1	[#6]-[Sd3](=[O])-[#6]	1	sulfur_sulfoxide	S	C_O	1	5.288461538	0	35	0	0	1	0	0	0	0	0	0	0	0	1					180.0	0.0															180.0	0.0			31
[c]-[SQ1]	1	[c]-[Sd1]	1	sulfur_thiol_aryl	S	C	1	2.480769231	0	14	0	0	0	0	1	0	0	1	0	0	1	0									180.0	0.0							180.0	0.0	4.0	0.0					9
[#6]-[N]-[NQ1]	2	[#6]-[N]-[N&d1]	2	nitrogen_nh2_ext_hydrazine	N	N	2	3.634615385	0	23	0	0	0	0	1	0	1	0	0	0	0	0									180.0	0.0															19
[#6]-[NQ2]-[NQ1]	1	[#6]-[N&d2]-[N&d1]	1	nitrogen_nh_int_hydrazine	N	C_N	1	3.711538462	0	23	0	0	0	0	1	0	1	0	0	0	0	0									180.0	0.0															19
[#6]-[C](=[S])-[N]	3	[#6]-[C](=[S])-[N]	3	nitrogen_thioamide	N	C_ANY	2	5.134615385	1	21	0	0	0	1	1	0	1	0	0	0	1	1					180.0	0.0	4.0	0.0	180.0	0.0	4.0	1.5				1.5	180.0	0.0	4.0	0.0	180.0	0.0	4.0	0.0	19
[#6]-[C](=[S])-[N]	2	[#6]-[C](=[S])-[N]	2	sulfur_thioamide	S	C	2	5.134615385	1	21	0	0	0	0	0	1	0	1	0	0	1	1									180.0	0.0	4.0	1.5				1.5	180.0	0.0	4.0	0.0	180.0	0.0	4.0	0.0	19
[#6]-[C](=[S])-[N]	1	[#6]-[C](=[S])-[N]	1	carbon_thioamide	C	C_N_S	1	5.134615385	1	21	0	0	1	0	0	0	0	0	0	0	1	1					180.0	0.0	4.0	1.5									180.0	0.0	4.0	0.0	180.0	0.0	4.0	0.0	18
[CX4]!@-[C](=[O])-[O]!@-[#6X3]	1	[C^3]!@-[C](=[O])-[O]!@-[#6^2]	1	carbon_ester_acyclic_Csp3_Csp2	C	C	2	5.711538462	1	18	0	0	1	0	0	0	0	0	0	0	1	1					180.0	0.0	4.0	1.5									180.0	0.0	4.0	0.0	180.0	0.0	4.0	0.0	17
[CX4]!@-[C](=[O])-[O]!@-[#6X3]	2	[C^3]!@-[C](=[O])-[O]!@-[#6^2]	2	oxygen_db_ester_acyclic_Csp3_Csp2	O	C	3	5.711538462	1	17	0	0	0	1	0	1	1	0	0	0	1	1					180.0	0.0	4.0	0.0	180.0	0.0	4.0	0.0				0.0	180.0	0.0	4.0	0.0	180.0	0.0	4.0	1.5	17
[CX4]!@-[C](=[O])-[O]!@-[#6X3]	3	[C^3]!@-[C](=[O])-[O]!@-[#6^2]	3	oxygen_sb_ester_acyclic_Csp3_Csp2	O	C	2	5.711538462	1	17	0	0	0	0	0	1	1	0	0	0	1	1									180.0	0.0							180.0	0.0	4.0	0.0	180.0	0.0	4.0	1.5	17
[cQ2]1[nQ2][nQ2]ccc1	0	[cd2]1[nd2][nd2]ccc1	0	carbon_aromatic_pyridazine	C	C_N	0	6.692307692	1	22	0	0	0	0	0	1	0	1	0	0	1	1									180.0	0.0	4.0	0.0					180.0	0.0	4.0	0.0	180.0	0.0	4.0	0.0	21
[#6X3]!@-[C](=[O])-[O]!@-[#6X3]	1	[#6^2]!@-[C](=[O])-[O]!@-[#6^2]	1	carbon_ester_acyclic_Csp2_Csp2	C	C	2	5.788461538	1	14	0	0	1	0	0	0	0	0	0	0	1	1					180.0	0.0	4.0	1.5									180.0	0.0	4.0	0.0	180.0	0.0	4.0	0.0	8
[#6X3]!@-[C](=[O])-[O]!@-[#6X3]	3	[#6^2]!@-[C](=[O])-[O]!@-[#6^2]	3	oxygen_sb_ester_acyclic_Csp2_Csp2	O	C	2	5.788461538	1	7	0	0	0	0	0	1	1	0	0	0	1	1									180.0	0.0							180.0	0.0	4.0	0.0	180.0	0.0	4.0	1.5	8
[#6X3]!@-[C](=[O])-[O]!@-[#6X3]	2	[#6^2]!@-[C](=[O])-[O]!@-[#6^2]	2	oxygen_db_ester_acyclic_Csp2_Csp2	O	C	3	5.788461538	1	6	0	0	0	1	0	1	1	0	0	0	1	1					180.0	0.0	4.0	0.0	180.0	0.0	4.0	0.0				0.0	180.0	0.0	4.0	0.0	180.0	0.0	4.0	1.5	8
c1c[nQ2X2][nQ2X3][nQ2X2]1	2	c1c[nd2v3H0][nd2v3H1][nd2v3H0]1	2	nitrogen_aromatic_triazole_acceptor	N	C_N	3	5.615384615	1	2	0	0	0	1	0	1	1	0	0	0	1	1					180.0	0.0	4.0	0.0	180.0	0.0	4.0	0.0				0.0	180.0	0.0	4.0	0.0	180.0	0.0	4.0	1.5	2
[#6,#7]~!@[CQ3](~[NQ3])(~[NQ3])	2	[#6,#7]~!@[C&d3](~[N&d3])(~[N&d3])	2	nitrogen_guan_amid_inium_no_h	N	C	2	6.519230769	1	1	1	0	1	0	0	0	0	0	0	0	1	0	180.0	0.0	4.0	0.0	180.0	0.0	4.0	0.0									180.0	0.0	4.0	0.0					1
c1c[nQ2X2][nQ2X3][nQ2X2]1	3	c1c[nd2v3H0][nd2v3H1][nd2v3H0]1	4	nitrogen_aromatic_triazole_donor	N	C_N	3	5.615384615	1	2	0	0	0	1	1	0	1	0	0	0	1	1					180.0	0.0	4.0	0.0	180.0	0.0	1.5	0.0					180.0	0.0	4.0	0.0	180.0	0.0	4.0	1.5	2
[#6]-[NQ3]-[NQ1]	1	[#6]-[N&d3]-[N&d1]	1	nitrogen_no_h_int_hydrazine	N	C_N	1	3.711538462	0	0	0	0	0	0	0	0	0	0	0	0	0	1																					180.0	0.0			0
